,AK5,C12orf75,CAMKK1,CD1C,CD38,CHSY1,CLEC10A,CYB561,DDIT4,DHRS13,DTYMK,EPHX2,FKBP4,GHRL,GNG2,GPCPD1,GZMB,ID3,IL13RA1,IL1B,LLGL2,MEGF6,MS4A3,MUM1,NPEPL1,NR1D1,NR1D2,NSUN3,PARP2,PDK1,PER1,PGPEP1,POLH,REM2,SH2D1B,SLPI,STIP1,SYT11,TCN1,TIAM2,ZNF438,target
GSM1371587,8.3794,7.315984,5.764382,9.369092,7.475063,11.350253,7.526646,9.09695,7.70957,9.495903,8.216719,8.689734,9.938342,8.144632,11.039311,4.584071,11.790669,7.677482,10.990297,10.314437,7.564607,6.651509,9.390457,5.574374,8.432842,6.856104,6.890776,8.960934,7.355704,10.248619,6.926223,9.054674,7.396556,10.099078,9.052773,9.855595,8.671958,9.125173,8.684219,6.442021,7.7663,12
GSM1371588,9.573887,8.259312,5.523096,9.568669,7.381103,9.881274,7.779574,9.675006,7.613181,9.652559,8.874107,10.179224,9.896056,7.708797,10.270741,3.635772,11.670899,9.304985,9.237507,9.398149,8.371257,7.781005,10.005544,5.695554,8.585761,7.071016,7.13757,8.609337,8.107248,11.093922,7.32681,9.352121,7.785136,9.169705,7.351948,10.04503,8.547208,9.466931,9.034109,6.939976,7.10635,4
GSM1371589,8.38464,7.872163,5.857764,9.586307,7.446175,10.72907,7.576136,9.572642,7.660442,10.084375,8.576349,9.250246,10.261359,8.856169,10.988969,3.720108,12.242402,8.612104,10.53728,10.62675,8.245389,7.438222,9.51215,5.855202,8.964222,6.838115,6.22213,8.812789,7.60043,10.528793,6.809947,9.062266,7.3549,10.260636,7.230665,11.555476,8.424087,9.027416,8.473516,6.028117,8.692379,12
GSM1371590,9.344368,8.280246,5.396662,9.707577,7.348726,10.589936,8.085669,9.36924,7.160322,9.776146,8.728583,10.188282,10.737171,7.571136,10.375752,3.470572,11.964744,9.480785,10.128747,10.394305,8.068136,6.883978,9.660278,5.634209,8.012329,7.111224,7.103442,8.902277,7.671234,10.627916,7.099046,9.018883,7.91729,9.890537,8.07719,10.314348,8.807082,9.534935,9.476015,7.133213,7.770665,20
GSM1371591,9.084252,8.559915,5.523872,9.673627,7.706493,10.70873,8.182157,9.400204,7.335708,9.818198,8.787225,9.926156,10.548947,8.019894,10.945314,3.593867,12.399288,9.199199,10.40195,10.588766,8.237746,6.754648,9.488355,5.624174,8.215187,7.072982,6.665678,8.978039,7.822429,10.434912,7.146741,9.059117,7.654027,10.027792,8.738866,10.20071,8.741994,9.662462,9.506641,7.229652,7.83896,16
GSM1371592,8.968029,7.782344,5.947725,9.788369,7.24871,10.544163,7.92298,9.886464,7.427578,10.312948,8.871328,9.782948,10.567489,8.589394,10.700177,3.239474,12.048201,8.998204,10.424384,10.449088,8.418794,7.207213,8.66994,5.739816,8.811884,7.166254,6.145433,8.371843,7.775587,10.212658,7.388397,9.386129,7.819969,9.770437,7.476853,11.429068,8.899346,9.083092,7.894236,5.267563,8.578411,0
GSM1371593,9.157284,8.000234,5.412276,9.63787,7.225566,10.745654,7.974412,9.643368,7.310926,9.604049,8.73741,10.157132,10.381967,7.511763,10.38935,3.587493,11.634125,9.243381,10.078205,9.906957,7.927727,7.065473,9.667662,5.753278,7.952781,7.134597,7.476926,8.561254,8.029062,10.815334,7.273012,9.203008,7.663967,10.079359,8.034755,10.024838,8.604918,9.555327,9.038404,7.015586,7.62624,0
GSM1371594,8.992862,8.408985,5.366455,9.444282,7.318721,10.665333,7.756818,9.571023,8.580851,9.598216,8.694071,9.765508,10.481803,7.939693,10.48136,3.429386,12.331722,8.855102,10.819319,10.282185,8.011576,7.241625,9.784069,5.598427,8.101649,7.150798,7.270523,8.702635,7.609552,10.614883,7.723469,9.026791,7.371275,10.078845,8.743284,10.412378,8.821934,9.48317,9.245793,7.732936,7.743875,8
GSM1371595,8.997038,8.233777,6.081314,9.579455,7.498819,10.70955,8.165334,9.33755,7.839825,9.763973,8.314582,10.004793,10.29077,8.160016,10.667381,3.477283,12.432377,8.973828,10.741198,10.562348,8.180468,7.227512,9.221328,5.95502,8.27906,7.198596,6.536952,8.694799,7.416033,10.540796,7.286146,9.279087,7.755739,9.888058,8.348108,10.211806,8.616172,9.58465,9.431825,7.17657,8.002221,8
GSM1371596,9.475019,8.056265,5.48714,9.65363,7.041154,9.862223,7.742099,9.636332,6.690211,9.979334,8.660702,10.395342,10.068818,7.902474,9.896709,3.589602,11.667034,9.440576,9.321901,9.750312,8.394707,7.663846,9.640806,5.572622,8.867783,7.319424,6.650435,8.877268,8.1826,10.996925,7.341615,9.36607,8.082448,9.371399,7.12941,10.084482,8.404761,9.688352,9.107697,7.226183,7.707362,0
GSM1371597,9.027571,8.15985,6.246704,9.403649,7.463278,11.002046,8.143121,9.376791,7.219138,10.097896,8.578963,10.061622,10.563959,8.02775,10.205591,3.77319,12.101449,9.386406,10.338254,10.988276,8.02021,7.463466,9.067266,6.138636,8.306916,6.970899,6.836053,8.440127,7.364659,10.469825,7.155788,9.15903,7.842945,9.86742,8.191596,10.021195,8.691853,9.515944,9.360102,6.632911,7.951616,20
GSM1371598,8.814082,8.170856,5.479556,9.485388,7.307038,10.671304,7.79702,9.384801,8.312489,9.797748,8.740742,9.924311,10.545724,7.716872,10.696502,4.050825,12.505895,9.031874,10.625937,10.47371,8.209959,7.245644,9.822422,5.711142,8.084442,7.122086,7.084897,8.817486,7.531106,10.630482,7.431621,9.169035,7.544738,9.866378,8.859964,10.134735,8.647378,9.461636,9.416974,7.434546,8.048092,8
GSM1371599,8.446198,7.263833,5.610035,9.257167,7.005292,11.112823,7.44953,9.577233,7.705807,10.369459,8.349406,9.399922,10.193252,8.667757,10.845644,4.216147,11.396376,8.650246,10.647605,10.516277,8.176372,7.554465,8.727565,5.906605,8.970625,6.953921,6.350581,8.397353,7.339729,10.421525,7.38355,9.360465,7.406511,9.924076,7.591864,10.572896,8.653301,8.849326,8.379579,5.64598,8.365597,4
GSM1371600,8.2917,8.101539,5.599381,9.136531,7.338721,11.169141,7.298976,9.44588,8.376328,9.861596,8.512368,9.44749,10.416996,8.523135,10.79141,3.690103,12.160056,8.629736,10.794514,10.528223,8.063267,7.365789,9.387031,5.558642,8.554469,6.795086,7.011409,8.535968,7.627754,10.452692,8.344123,9.019343,7.243804,9.92384,7.678996,10.792965,8.367695,8.824439,8.436347,6.018964,8.502142,8
GSM1371601,9.127383,8.264164,5.476073,9.492616,7.150829,10.46561,7.829658,9.552632,7.46458,9.43018,8.933924,10.253584,10.690029,7.408775,10.232229,3.614183,11.587114,9.243903,9.884641,10.051894,8.046708,7.115837,9.826297,5.674412,7.897921,7.104179,7.265793,8.978872,7.840049,10.687988,7.105983,9.055346,7.617761,9.855512,8.240786,10.022291,8.704234,9.294095,9.244231,6.952532,7.576714,20
GSM1371602,8.950821,8.337731,5.404467,9.512429,7.463829,10.600803,7.942634,9.498342,7.725947,9.677267,8.730297,9.916476,10.774506,7.630919,10.508431,4.056775,12.183851,9.236419,9.98048,10.169675,8.230284,7.039122,9.624207,5.794195,8.151665,7.102809,6.910382,8.71343,7.611037,10.737934,7.141912,9.240169,7.693387,9.853934,8.399797,10.040221,8.725611,9.50586,9.201845,7.232022,7.704359,16
GSM1371603,9.47138,8.14178,5.27373,9.60184,7.487768,10.377693,7.831415,9.566019,7.474823,9.594601,8.84288,10.076184,10.41983,7.797228,10.396567,3.666611,11.924897,9.334531,9.907825,10.263179,8.119576,7.266428,9.702168,5.623231,8.278491,7.329451,7.322993,8.871643,8.026223,10.89536,7.311512,9.106389,7.653713,9.449665,8.014757,10.266295,8.482955,9.559523,9.308081,7.150223,7.579088,4
GSM1371604,8.672859,8.010006,5.907808,9.698051,7.557883,10.711775,7.621001,9.617885,8.372281,9.610795,8.710053,9.952513,10.234567,8.20893,10.436275,3.537616,11.679634,8.926019,10.154175,10.198486,8.126241,7.187512,9.329321,5.929757,8.288108,7.054448,7.450926,8.638742,7.731243,10.6883,7.590574,9.019452,7.539087,9.67213,7.835488,11.21724,8.492494,9.099054,7.973461,5.807663,8.299909,4
GSM1371605,8.309825,7.994114,5.609519,9.541834,7.489934,10.939851,7.400661,9.571815,7.565666,9.673067,8.325437,9.402564,10.200797,8.423206,10.726685,4.165237,11.928361,8.739957,10.266039,10.442194,8.19376,6.969351,9.356844,5.725448,8.442378,6.608992,6.834949,8.560235,7.548654,10.504229,6.967555,9.002657,7.263648,10.000824,8.256481,10.585267,8.460977,8.97391,8.16685,5.879714,8.244279,16
GSM1371606,8.751649,8.261258,5.35086,9.514084,7.328682,10.828042,8.077873,9.371798,7.704744,10.233113,8.587551,9.598462,10.526725,7.805482,10.859054,3.618045,12.334948,8.967595,10.641569,10.951255,8.326795,7.109095,9.630546,5.908315,8.222427,6.897723,6.7142,8.708883,7.686236,10.449656,6.93922,9.218199,7.800626,10.170512,8.607669,9.903875,8.763603,9.58449,9.445464,7.40082,8.402657,16
GSM1371607,8.637001,8.301208,5.423602,9.693518,7.508507,10.815622,7.985056,9.369081,7.597071,9.921292,8.722614,9.521825,10.511166,7.582873,10.714232,4.203923,12.222472,8.989775,10.613707,10.397196,8.062238,6.903253,9.482969,5.808135,8.160538,6.728023,6.866304,8.818658,7.710968,10.401039,7.230018,9.043651,7.454238,10.145749,8.560363,10.131834,8.668185,9.442966,9.413748,7.486246,8.137752,12
GSM1371608,8.828264,8.562433,5.43065,9.617463,7.285934,10.693002,8.078132,9.33798,8.690536,10.049998,8.513175,9.664245,10.308051,7.781385,10.49128,3.988648,12.417086,8.647324,10.594243,10.661885,8.172403,7.123515,9.762658,5.942016,8.180122,6.94182,7.169574,8.666513,7.684004,10.718437,7.553448,8.990148,7.594912,10.065629,8.465509,10.35275,8.686043,9.442039,9.149969,7.552958,8.000689,8
GSM1371609,9.686807,7.583987,5.302094,9.854511,7.251602,9.579418,8.039584,9.808372,7.578296,9.840829,9.01785,10.40339,10.538867,7.769277,10.115657,3.102166,11.956487,9.145378,9.765918,9.186913,8.661036,7.609268,10.064624,5.738655,8.522082,7.305084,6.453594,8.889135,8.184341,10.932631,7.615433,9.416967,7.916856,9.828152,7.185048,10.234846,8.930154,9.582496,9.453091,6.690432,7.761741,0
GSM1371610,9.350163,8.103381,5.137324,9.60354,7.186446,10.598946,8.00731,9.477507,7.708941,9.79608,8.608248,10.052575,10.293983,7.670073,10.582111,4.32006,11.712247,9.121318,10.029148,10.480766,7.982305,7.179032,9.300732,6.026427,8.079076,7.259942,7.394418,8.640168,7.683233,10.870943,7.526955,9.165437,7.846269,9.935803,7.862682,10.423543,8.784002,9.432122,9.185295,7.198961,7.874455,4
GSM1371611,8.914152,8.297815,5.576364,9.776668,7.470106,10.774263,8.003042,9.522361,8.293987,9.692835,8.665031,9.748013,10.691417,7.99593,10.788515,3.228977,12.366867,9.002654,10.426644,10.474907,8.070288,7.064326,9.475079,5.987937,8.075668,7.102546,6.990787,8.834914,7.538025,10.454051,7.299566,9.035322,7.68701,9.869433,8.389276,10.136453,8.983987,9.51617,9.30267,7.452098,7.932641,12
GSM1371612,9.276563,7.714679,5.827703,9.65427,6.789397,10.819234,8.611117,9.497867,7.469272,10.845036,8.791538,9.219814,10.220691,8.27473,10.56353,3.882292,11.459163,8.622027,10.381673,10.246145,8.24423,7.480085,10.262586,5.658676,8.41661,6.807261,5.673325,8.761459,7.536477,10.396616,6.926065,9.201229,7.260433,9.036761,7.008304,11.206771,8.777533,8.786753,9.767867,6.848085,7.910007,20
GSM1371613,8.401572,8.143942,5.362996,9.552436,7.819664,10.929989,7.997683,9.366542,7.782282,10.216678,8.527126,9.317442,10.315861,8.058176,10.759272,3.935033,11.8358,8.923287,10.591254,10.334938,7.961859,7.017561,8.775023,5.936323,8.274107,6.626208,6.935755,8.900255,7.790675,10.072202,7.144493,8.860637,7.419875,10.031298,8.73962,11.798605,8.540189,9.16473,8.976261,7.640335,7.909809,20
GSM1371614,8.370615,7.993509,5.285887,9.528245,7.572624,10.966823,8.032376,9.563919,7.562636,10.113684,8.51981,9.386737,10.166879,8.019625,10.287,4.145008,11.544129,8.978082,10.389451,10.084623,7.931928,7.00665,8.819141,5.810838,8.114544,7.047394,7.061246,8.724177,7.877793,10.297522,7.429298,9.033867,7.766247,9.728868,8.080075,11.746156,8.585937,9.169875,8.273023,7.59627,7.635693,0
GSM1371615,8.393162,8.165886,5.427717,9.511854,7.481473,10.979627,7.785928,9.316069,7.595823,10.181157,8.394284,9.490772,10.237041,8.198143,10.330463,4.319504,11.354147,8.958526,10.677699,10.468856,7.979658,7.267269,9.145795,5.790979,8.335483,6.97948,7.035447,8.905198,7.805413,10.233433,7.471701,9.056681,7.762776,9.986402,8.048851,12.010895,8.54795,9.088414,8.722578,7.946487,8.041993,0
GSM1371616,8.281467,8.032401,5.700617,9.392177,7.581682,11.014726,7.808615,9.447827,8.078335,10.027078,8.365816,9.453232,10.059954,8.069059,10.273851,3.94554,11.511648,8.825375,10.321492,10.151654,7.908286,7.158257,9.002982,5.831367,8.448794,6.872599,7.176838,8.675619,7.636448,10.332173,7.563175,9.046315,7.626615,10.005578,8.226584,11.654868,8.405958,8.954438,8.197172,7.718167,7.974917,4
GSM1371617,8.405818,8.191208,4.932413,8.731613,8.868754,10.94152,7.146522,10.267402,7.812074,9.379957,8.588063,9.627974,10.475876,8.528277,10.642491,3.645515,12.714416,8.481292,10.42195,10.941636,8.200586,6.782215,8.24037,5.671797,8.457061,6.460577,7.039602,8.903894,7.608395,10.38108,7.145683,8.95151,7.757134,10.081904,8.942581,9.977671,8.545303,9.169883,8.028113,8.88556,8.513152,20
GSM1371618,8.899771,8.003524,5.759077,9.507055,7.383357,10.520853,8.267486,9.48801,7.890124,10.817299,8.666834,9.189497,10.448503,8.313242,10.482276,4.301202,12.572378,8.682197,10.549927,10.308276,8.57482,7.155421,8.023055,5.499735,8.835077,7.169217,5.469587,7.913686,7.149231,9.475875,7.229215,9.366752,7.72023,9.920172,8.259893,11.450627,9.396115,9.264857,8.379088,6.888235,7.331682,20
GSM1371619,8.343169,8.092961,5.60072,9.631476,7.813432,11.125882,8.147951,9.274452,7.812664,10.545617,8.641056,9.342723,10.268043,8.256343,10.787658,3.984,11.723239,8.952136,10.530274,10.508327,8.114079,6.91916,8.92771,5.707045,8.467873,6.744101,6.708278,8.881615,7.760418,10.157811,7.250966,8.988021,7.771714,10.183779,8.372356,11.782991,8.636973,9.197237,8.917525,7.813259,8.107263,16
GSM1371620,8.543142,8.000036,5.65278,9.465273,7.922512,11.055532,7.758823,9.114201,8.31097,10.392307,8.406916,8.982217,10.019132,8.549508,10.685371,3.728321,12.328659,8.452219,10.833275,10.584396,8.196374,6.803207,8.458472,5.898886,8.426005,6.748051,6.750132,9.040369,7.385419,10.023485,7.927059,9.108955,7.368406,10.001629,8.863005,11.804501,8.604032,9.289412,8.6709,7.928152,8.017859,8
GSM1371621,8.640987,7.370647,5.3788,9.445141,7.12177,10.875252,7.522521,9.054112,7.599017,10.573391,8.730799,9.818793,10.220309,8.63907,10.480336,4.185587,11.310134,8.389528,10.564064,10.681824,8.23764,7.801597,10.74257,5.836433,8.963321,6.587956,7.131528,9.260227,7.659385,10.923214,7.206195,8.981078,7.491365,10.239875,7.35055,11.772029,8.35765,8.972418,10.020419,7.211457,8.346329,4
GSM1371622,8.624119,8.377644,5.607701,9.135774,8.064615,11.054626,7.82913,9.077143,9.159245,10.319184,8.438226,9.022035,10.114302,8.34816,10.73693,4.984704,12.640519,8.477697,10.84224,10.455722,8.420783,7.15333,8.605105,5.895209,8.373558,6.590592,6.893693,8.640123,7.462496,10.059878,7.419895,9.03564,7.418174,9.71789,9.731836,11.798681,8.658337,9.296672,8.363996,7.818653,7.758681,8
GSM1371623,8.451294,8.160745,5.575564,9.189971,7.878255,10.935571,7.667126,9.296555,8.513875,10.17953,8.494615,9.239472,10.052295,8.436084,10.587344,3.942065,12.461061,8.718833,10.823789,10.374965,8.309421,7.049288,8.831506,5.736088,8.434287,6.70709,6.871134,8.843299,7.651438,10.003027,7.854901,9.025253,7.407444,9.708107,9.314092,11.993889,8.447447,9.205655,8.62231,7.901512,8.131107,8
GSM1371624,8.758181,8.001659,5.455054,9.052443,7.876573,11.31914,7.516656,9.253,8.609629,10.381251,8.655016,10.224347,10.238869,8.25279,10.497887,3.972997,11.924203,8.690738,10.677868,10.432814,7.927391,7.110304,8.542811,5.823862,8.53857,6.603505,7.231877,8.920381,7.667726,10.921672,7.930809,9.164706,7.509552,10.328138,7.895973,11.613995,8.713642,8.860308,8.113339,7.452584,8.560876,8
GSM1371625,8.693435,7.940073,5.600632,9.139483,7.338902,11.681876,7.903553,9.341715,7.249652,10.835047,8.549274,10.212473,10.265048,7.954302,10.342771,4.261353,11.348592,8.876149,10.486012,10.8964,7.712919,7.002376,8.649983,5.682603,8.358832,6.746307,7.196258,8.81459,7.646431,10.81744,7.162177,8.863587,7.415132,10.450635,7.732411,11.739151,8.345083,8.934991,8.168025,7.300275,8.837494,0
GSM1371626,8.866612,7.966383,4.942826,9.02519,7.333607,11.547656,7.737943,9.365084,8.047165,10.817082,8.671036,10.36429,10.217183,8.252868,10.343852,4.305551,11.620391,8.86437,10.578775,10.810489,7.77514,7.32521,9.038299,5.82772,8.339263,6.754341,7.415504,8.65425,7.647324,10.947569,7.396115,9.037114,7.30729,10.477298,7.843505,12.03943,8.444302,8.868706,8.36453,7.018462,8.826389,4
GSM1371627,8.299642,8.10086,5.522496,9.779001,7.607801,10.791572,7.944283,9.394266,7.421536,10.434031,8.48698,9.138046,9.990945,8.420127,10.544475,3.827237,11.98642,8.802053,10.673814,10.431541,8.390004,7.239115,9.322019,5.780226,8.812331,7.038021,6.880746,8.769065,7.816419,10.204062,7.148897,9.097627,7.589541,10.284686,8.531029,11.794004,8.283343,9.298064,8.735617,8.057078,8.135045,12
GSM1371628,8.897347,8.001175,5.242001,8.93078,7.231405,11.306244,7.801534,9.257576,7.532637,10.169458,8.537652,10.436,10.143836,7.9421,10.343402,3.866658,11.599258,8.880239,10.423383,10.57465,7.769059,7.326057,8.578321,5.710046,8.45705,6.845615,7.478859,8.638981,7.720663,10.881619,7.469267,9.194926,7.501632,10.217549,7.325232,11.190607,8.451759,8.925183,8.09022,7.119213,8.350773,4
GSM1371629,8.766498,7.943588,5.437797,9.747873,7.714268,10.146004,7.716608,9.524958,7.729131,10.487647,8.852233,9.558129,10.140614,8.4415,10.462455,4.331869,11.914031,8.812604,10.36659,10.139841,8.525112,7.362137,9.513463,5.855052,8.971031,6.733243,6.609561,8.848721,7.968713,10.467278,7.227766,9.058848,7.632132,9.947528,8.009595,12.332971,8.323943,9.327396,8.753999,7.36043,7.97104,20
GSM1371630,8.166211,7.963593,5.66578,9.058989,6.81984,11.628231,7.730516,9.145144,6.728816,10.805662,8.535758,9.98528,10.236167,7.98313,10.470485,4.582907,11.665808,8.73535,10.564644,11.00901,7.788595,7.011938,8.339993,5.933444,8.438482,6.290173,7.033028,8.648213,7.511264,10.576347,6.677837,8.948209,7.324227,10.271193,7.925901,11.165052,8.762716,8.965565,8.056569,6.830175,8.696951,16
GSM1371631,8.319702,8.101251,5.570775,9.547318,7.916267,11.083913,7.897186,9.265059,7.935339,10.384123,8.626272,9.179189,10.204477,8.246008,10.640604,3.881026,12.237291,8.860515,10.55869,10.64518,8.272346,6.652909,8.597476,5.929072,8.460663,6.84917,6.582156,8.781799,7.651926,10.044221,7.297697,9.058368,7.481198,9.939373,8.92605,11.712529,8.536635,9.257428,8.722615,7.736018,8.099766,16
GSM1371632,8.805936,8.10278,5.324268,9.721295,7.270426,10.922506,8.068212,9.491468,6.969143,9.822926,8.680063,10.153432,10.318563,7.680546,10.522411,3.88243,11.837553,8.625771,9.819386,10.297913,7.862749,6.84777,8.788841,5.536376,8.023215,6.909687,7.464792,9.214993,7.721918,11.019688,7.541474,9.056753,7.648118,9.170797,8.558567,11.153268,8.499771,9.394577,8.562767,6.723121,7.863376,4
GSM1371633,8.523181,8.453348,5.467467,8.807873,8.559156,11.302359,7.317691,10.075722,7.759453,9.718167,8.677719,9.776098,10.174037,8.331832,10.89606,3.925861,11.903537,8.657328,9.997539,11.021034,7.72947,6.848891,8.056328,5.897508,8.41725,6.333894,7.316927,9.032474,7.620428,10.600924,7.120342,8.964464,7.548668,10.023538,7.84324,10.425045,8.679811,9.013717,8.512985,8.772532,8.632529,0
GSM1371634,8.724004,6.996885,5.869048,9.480874,7.093981,11.076675,7.730906,9.091801,7.245525,10.868039,8.495448,9.557513,10.182828,8.714889,10.681203,4.403463,12.00257,8.209353,10.816545,10.896121,8.397573,7.363707,9.837029,5.851613,8.717193,6.264313,6.274218,8.641796,7.315175,10.55594,6.39614,9.105292,7.286259,9.994459,7.639595,11.044704,8.324973,9.08049,9.631552,6.873003,8.127005,16
GSM1371635,8.330249,7.504464,5.331909,9.41303,7.471404,10.748295,7.447811,9.227844,8.042787,10.706824,8.714987,9.321329,10.042565,9.144328,10.609512,3.766744,12.114674,8.076237,10.962035,10.622513,8.350546,7.973152,10.745508,5.439206,9.14769,6.662138,6.463887,9.019617,7.672137,10.875981,7.50618,9.004506,7.499163,10.483406,7.890012,11.592763,8.458737,9.13776,10.056514,7.578404,8.330248,8
GSM1371636,8.890695,7.294,5.798188,9.558883,6.89244,11.281958,7.943546,9.099102,7.385651,11.037215,8.726362,9.560261,10.504257,8.493478,10.560216,3.898589,11.50171,8.538738,10.495665,10.891779,8.159848,7.519603,9.879152,6.04074,8.70599,6.760749,6.706262,8.942139,7.454092,10.419463,7.038976,9.08519,7.575217,10.219499,7.157104,11.191708,8.92314,9.222043,9.734402,6.648122,8.495327,20
GSM1371637,7.865435,8.189294,5.154776,9.755751,7.60878,11.04419,8.000837,9.375564,7.803407,10.14324,8.727091,9.357964,10.517732,8.263108,10.893639,4.61918,12.296953,8.283644,10.3507,10.645152,7.887831,6.648464,8.783192,5.942879,8.151575,6.669706,7.154837,8.935051,7.568082,10.350688,7.412878,9.134087,7.593535,9.708341,8.9314,11.60022,8.855279,9.486777,8.556303,7.481371,8.339078,16
GSM1371638,8.434762,7.838776,5.410779,9.596548,7.777446,11.009624,7.995582,9.42967,7.82355,10.196408,8.43389,9.408521,9.945318,8.368938,10.57445,4.135926,11.80791,8.789571,10.737953,10.441294,7.988445,7.087115,8.658843,5.594977,8.340631,6.980864,6.869588,8.908509,7.751692,10.221952,7.634022,9.039258,7.620286,9.931165,8.05099,11.924387,8.472178,9.2945,8.904011,7.852682,8.166137,4
GSM1371639,8.677392,7.942588,5.118131,8.795202,8.216181,11.151422,6.868128,9.98171,7.560567,9.22062,8.396278,9.737347,9.777238,8.527942,10.868988,3.864355,11.695385,8.60587,10.178598,10.901815,7.684457,6.912203,8.791474,5.207361,8.461846,6.612217,7.616809,9.223208,7.541905,10.711592,7.180578,8.897384,7.664787,9.995052,8.233017,10.080466,8.540416,8.807821,8.45506,8.878325,8.438255,4
GSM1371640,8.412581,7.785061,5.50465,9.615389,7.364955,10.994318,8.160142,9.2816,7.802904,10.041305,8.606785,9.592255,10.041853,8.213095,10.48838,4.445762,11.539765,8.935071,10.225961,10.407189,7.843058,6.929792,8.976579,5.875144,8.351545,7.044881,7.216909,8.943756,7.75929,10.238832,7.364638,8.861831,7.46271,9.75444,8.218974,11.998768,8.412017,9.036044,8.740902,7.744891,7.795693,0
GSM1371641,8.471868,8.315073,5.215326,8.702436,8.359984,11.074533,7.017054,9.925211,7.490614,9.592083,8.681142,9.896284,10.072468,8.101707,10.703261,4.369872,11.866364,8.539665,10.306573,10.898394,7.886241,6.999812,8.650982,5.645191,8.690725,6.486754,7.350826,9.020604,7.580605,10.734106,7.24726,8.866986,7.389501,10.070502,8.044922,10.482641,8.299667,8.79833,8.591161,8.838824,8.464733,4
GSM1371642,8.325105,8.486643,5.545574,8.767823,8.828828,11.189807,7.095887,10.151236,8.07461,9.264218,8.584239,9.413868,10.102147,8.536763,11.079597,3.466514,12.636918,8.469852,10.367385,10.947381,8.051318,6.939652,8.62833,5.646814,8.646077,6.293461,7.090565,9.052604,7.437122,10.302677,7.100673,9.074892,7.455939,9.990872,8.869421,9.932654,8.757566,9.152663,8.523423,9.090555,8.339791,12
GSM1371643,8.206938,8.226752,5.822478,9.916601,7.568844,11.006223,8.010627,9.42856,7.395997,9.949245,8.526652,9.964555,10.463867,7.719867,10.715068,4.274306,12.106377,8.662603,10.017173,10.543451,8.166314,6.797663,8.92271,5.420195,8.042199,7.03759,7.555009,9.135533,7.730101,10.603622,7.078473,9.055013,7.508707,9.529158,8.901293,11.415662,8.73317,9.413492,8.450109,7.324907,8.026978,20
GSM1371644,8.562806,8.315032,5.474406,9.90456,7.119788,11.028635,7.881014,9.373467,7.145017,9.731709,8.564643,9.639428,10.11701,8.137827,10.74761,3.802663,11.810738,8.339165,10.083439,10.271733,7.963493,7.058787,8.684064,5.580718,7.895378,6.785604,7.520514,9.20828,7.650085,10.601113,6.828696,9.00045,7.375313,9.165622,8.770797,11.592646,8.378617,9.387758,7.882701,7.068955,8.060398,4
GSM1371645,8.526443,8.043609,5.747391,9.428273,7.524457,10.887052,7.993737,9.354593,8.099384,10.115765,8.470517,9.529771,10.133252,8.158385,10.351378,3.635806,11.544068,8.989133,10.622936,10.268029,8.049692,7.003582,9.152777,5.728157,8.441248,6.843465,6.990348,8.786124,7.726092,10.190724,7.619152,9.230858,7.336883,10.028606,8.036763,11.736093,8.621564,9.013472,8.418833,7.484178,7.828774,4
GSM1371646,9.010408,8.380728,5.119877,8.988452,8.612563,10.82613,7.071641,9.804107,7.424185,9.174861,8.582597,10.079337,9.96476,8.300754,10.775913,4.16312,12.016125,8.954899,9.776067,10.821575,7.903056,6.652628,9.288202,5.535063,8.451974,6.397923,7.213613,9.18618,7.742159,10.759109,6.949267,8.950827,7.505452,9.749041,7.973616,10.342298,8.276876,8.786917,8.500714,8.694376,8.26474,0
GSM1371647,8.686231,7.927234,5.189965,9.189939,7.786634,11.502583,7.709532,9.184949,7.908044,10.664048,8.777439,10.141864,10.470787,7.891682,10.502869,3.535141,11.640343,8.793528,10.555503,10.786537,7.69434,6.970472,8.73641,5.745245,8.327812,6.571892,7.146071,8.984057,7.743978,10.658293,7.166858,8.998196,7.350369,10.660928,7.886079,11.805685,8.961793,8.764418,8.359277,7.240163,8.757662,20
GSM1371648,8.205821,8.516177,5.47188,9.814936,7.485899,11.058802,8.044428,9.44151,7.278612,9.939532,8.696676,9.727196,10.499091,8.142171,10.782054,4.305528,12.259324,8.766614,10.020052,10.636832,8.133036,6.610795,9.183215,5.214048,8.194006,6.838216,7.598028,8.68347,7.825551,10.538689,7.122103,9.021317,7.738074,9.676407,8.89376,11.315258,8.55033,9.398283,8.577655,7.445382,8.097292,16
GSM1371649,8.684824,8.33408,5.720899,8.907227,8.816662,10.930246,6.939892,9.94734,7.476937,9.601028,9.076954,9.694642,10.472404,8.047665,10.591397,3.986391,12.323425,8.503191,10.17325,10.58898,7.961466,7.104081,8.456183,5.606898,8.667915,6.555773,6.529186,8.823558,7.798051,10.54548,7.139163,9.346188,7.77663,10.08168,8.40309,10.173964,8.736895,9.240651,8.081619,8.630917,8.343292,20
GSM1371650,8.582308,7.940206,5.752085,9.280782,7.704885,11.827109,7.649876,9.291612,7.472842,11.307217,8.690407,9.944289,10.564579,8.35136,10.922432,4.044616,12.020405,8.888461,10.842145,11.291774,7.88425,7.108935,8.20218,5.876381,8.575573,6.684666,6.528154,8.950174,7.480113,10.53283,7.08122,9.1953,7.538377,10.645057,7.866505,11.351852,8.647413,9.059808,8.73049,7.214709,9.187643,16
GSM1371651,8.942034,7.978409,5.377532,9.227119,6.940206,11.295521,7.927531,9.449976,7.255958,10.384643,8.667297,10.538065,10.294639,7.845637,10.402375,3.666273,11.495404,9.264888,10.077288,10.506653,7.864475,6.903702,8.374873,5.942887,8.379869,6.947294,7.446016,8.626569,7.822011,10.79591,7.396563,9.281002,7.614005,10.241113,7.398009,11.49707,8.820452,8.936269,7.590129,6.784217,8.440202,0
GSM1371652,8.322214,8.439197,5.551277,8.796904,8.690958,11.077922,7.16971,10.036762,8.22212,9.409313,8.627656,9.755976,10.113366,8.507657,10.866821,3.248489,12.025996,8.503802,10.346349,10.764583,7.719884,6.908911,8.702381,5.6069,8.509395,6.243711,7.116322,9.144804,7.700955,10.335369,8.066596,8.877595,7.711066,10.040499,8.149604,10.483452,8.409913,8.896665,8.421677,8.973752,8.447258,8
GSM1371653,8.38021,8.652418,5.314327,8.90261,8.966709,11.072429,7.060565,9.969593,7.852813,9.121362,8.731574,9.481156,10.172416,8.678616,10.992116,3.730374,12.798069,8.451078,10.368865,11.042228,8.190306,6.920311,9.007229,5.712525,8.656256,6.177996,6.963735,9.113447,7.486413,10.511415,7.118316,8.870155,7.689322,9.865602,8.675237,10.303638,8.29993,9.084383,8.236784,8.738577,8.563869,12
GSM1371654,8.56419,7.884742,5.723469,9.043505,7.279422,11.214824,7.760847,9.263633,8.182533,10.384623,8.563926,10.098534,10.248623,8.554693,10.47038,3.343753,12.185441,8.76047,10.749126,10.509766,8.149077,7.271105,8.338298,5.875407,8.818278,6.733859,6.746598,8.650895,7.648414,10.64342,7.926377,9.289577,7.556731,10.30528,8.09013,11.268235,8.421425,9.017041,8.088627,7.218784,8.677248,8
GSM1371655,8.391959,8.03459,5.780644,9.127808,7.664018,11.398303,7.69194,9.175651,8.136521,10.423833,8.385923,9.735792,10.31025,8.459202,10.745111,4.323772,12.10059,8.417743,10.726861,10.700315,7.823896,6.871148,8.560813,5.593349,8.526553,6.200438,7.011232,8.674903,7.12207,10.372045,7.150429,9.0707,7.187165,10.379681,8.023211,11.201576,8.517474,8.951654,8.212249,7.229287,8.582638,12
GSM1371656,8.429485,7.606513,5.517248,9.737817,7.437901,11.227133,7.786878,9.009098,7.858431,10.786906,8.58598,9.125296,10.417419,8.723016,10.873989,4.022581,11.768583,8.06737,10.821699,11.042973,8.047628,7.199197,9.886467,5.364433,8.775203,6.496989,6.76968,8.878855,7.557938,10.696267,7.316106,8.812743,7.309082,10.374014,7.670822,11.352677,8.419406,9.037555,9.902371,7.198083,8.655313,16
GSM1371657,8.211757,8.255264,5.544472,9.508259,7.536244,11.111929,7.82506,9.193335,8.202231,10.076936,8.628088,9.762557,10.275564,8.213701,10.71595,3.457669,12.272308,8.184298,10.42576,10.540506,7.957011,6.863443,8.855017,5.825707,8.012618,6.936512,7.194071,9.071791,7.515879,10.722943,7.829388,8.806305,7.551408,9.791791,8.735872,11.340098,8.482012,9.270912,8.807079,7.53709,8.207594,8
GSM1371658,8.243838,8.670922,5.82731,8.527402,9.231556,11.016444,7.188089,9.900736,8.641526,9.503299,8.834281,9.555152,10.067688,8.230116,10.858976,3.50615,12.351023,8.36478,10.211711,10.62569,8.084563,6.963467,8.654485,5.706907,8.627983,6.370709,6.927878,9.180696,7.696256,10.392486,7.416713,9.122518,7.621015,10.092717,8.733078,10.249955,8.604603,8.978804,8.613743,8.841332,8.294995,8
GSM1371659,8.291724,8.339649,5.603931,8.644335,8.666493,11.117236,7.075988,9.944171,8.698695,9.352525,8.532215,9.676059,10.037742,8.670179,10.899643,3.985739,12.524296,8.270612,10.305182,10.899834,8.266599,7.152876,8.769677,5.627462,8.558477,6.454153,7.439901,9.083038,7.492905,10.427788,7.682735,9.110008,7.668167,9.865208,9.028424,9.955869,8.507394,9.223857,8.510866,8.834195,8.533406,8
GSM1371660,8.291997,8.130036,5.219723,8.783309,8.601413,11.272743,7.115353,10.179201,7.617307,9.517775,8.660155,9.320245,10.48208,8.458304,10.706071,3.36076,12.440962,8.357369,10.506868,11.038613,8.194963,6.698328,9.054084,5.879557,8.648258,6.450738,7.053056,8.982738,7.548135,10.358721,6.917447,9.12189,7.552289,10.136885,8.480519,10.130088,8.580538,9.146482,8.484986,8.533061,8.683056,16
GSM1371661,8.460474,8.017403,5.204643,9.116364,7.917347,11.547423,7.954719,9.30079,7.934384,10.96062,8.348228,9.964914,10.322435,8.340507,10.590583,4.717666,11.918563,8.656376,10.537248,11.294866,8.078723,6.485216,8.393953,5.720448,8.613588,6.284401,6.58906,8.69732,7.517094,10.505434,7.272711,9.099707,7.473135,10.524914,8.007685,11.724943,8.6747,9.084781,8.389847,7.342588,8.937024,16
GSM1371662,8.404894,7.907394,5.850081,9.687946,7.767144,11.271963,7.765731,9.288626,7.639893,10.555102,8.647225,9.191623,10.365344,8.224274,10.822013,3.859764,12.214145,8.81036,10.669346,10.856522,8.141593,7.082377,8.841577,5.998734,8.469832,6.768729,6.692974,8.897313,7.720558,10.081386,7.351252,9.017161,7.520637,10.210417,8.763516,12.047796,8.610883,9.231847,9.04059,7.830924,8.373191,12
GSM1371663,8.585048,8.478449,5.453779,9.438732,8.05113,10.745774,7.98913,9.198458,9.009615,10.031594,8.534879,8.975699,10.154963,8.419977,10.6694,3.689316,12.80996,8.444379,10.854315,10.468938,8.54019,6.925448,9.12211,5.75517,8.494969,6.694234,7.05035,8.652955,7.667093,9.957293,7.808578,9.14603,7.220281,9.999908,9.622351,11.715745,8.502968,9.530978,8.385138,8.008108,7.649194,8
GSM1371664,8.246332,7.96106,5.027519,9.166364,7.784827,11.727573,7.637393,9.196787,7.66695,10.901152,8.672382,9.772176,10.384728,8.322579,10.821426,3.772724,11.872895,8.758238,10.869799,11.004832,7.779546,7.116479,8.474119,5.426173,8.567056,6.515775,7.031722,8.899488,7.590014,10.608736,7.131753,9.098092,7.380581,10.598412,8.078476,11.80542,8.42951,9.097475,8.450418,7.644417,8.863804,12
GSM1371665,8.155637,8.17215,5.46677,9.777216,7.557603,11.177756,8.120653,9.405581,7.292919,10.093898,8.650333,9.676407,10.596816,8.041069,10.859573,4.13861,12.061481,8.637177,10.113548,10.798761,7.880153,6.302405,8.655104,5.549291,8.264047,6.969829,7.470887,8.514395,7.761497,10.392302,6.970714,9.022156,7.642952,9.484462,8.87491,11.619541,8.79595,9.618624,8.30434,7.56882,8.29066,20
GSM1371666,8.225809,8.79364,5.523344,8.944795,8.971703,11.022648,7.130651,9.961413,7.722634,9.155641,8.874762,9.366894,10.307264,8.612808,11.125113,3.434176,12.536545,8.629198,10.237574,10.818229,8.071803,6.76642,8.397684,5.798478,8.716377,6.218705,7.006901,9.206639,7.640383,10.282984,6.976276,9.081811,7.597509,10.089901,8.782475,10.611456,8.519332,9.208522,8.293487,9.085606,8.617707,12
GSM1371667,8.83518,8.039573,5.071177,8.921584,7.575045,11.418404,7.706757,9.341831,7.383666,10.470977,8.781658,10.379577,10.270168,8.03805,10.395181,4.11193,11.439433,9.057507,10.422519,10.699365,7.657234,6.652975,8.212556,5.83248,8.213698,6.678264,7.377088,8.538608,7.557859,10.809713,7.295368,9.14435,7.6115,10.318844,7.49786,11.733711,8.549207,8.823169,8.10972,7.245132,8.479768,4
GSM1371668,8.545377,8.435112,5.325903,8.954417,8.794624,11.032735,7.003495,9.887383,8.388671,9.217788,8.737693,9.724535,10.046091,8.62727,10.737563,3.724578,12.506788,8.543524,10.446929,10.84239,7.940132,6.872982,9.18331,5.706352,8.477402,6.544395,7.536332,9.145313,7.722429,10.678397,7.782468,8.93666,7.473127,9.746059,8.834475,10.378947,8.163069,9.008745,8.361071,9.029476,8.486903,8
GSM1371669,8.358579,7.707077,5.385544,8.856261,7.742331,11.525634,7.624084,9.18909,8.384878,10.816227,8.485447,10.14291,10.191764,8.466583,10.495699,4.82362,11.98234,8.643865,10.726073,10.920964,7.83127,6.945462,7.7514,5.58049,8.872756,6.251177,6.945705,8.426166,7.571725,10.502155,7.841744,9.163642,7.775401,10.721175,7.720414,11.792199,8.348686,8.687074,8.12216,7.635101,8.829714,8
GSM1371670,8.555202,7.591316,6.13168,8.643042,7.25077,11.23553,7.696281,9.271387,8.216073,10.396759,8.582432,10.096434,10.220451,8.498307,10.192971,3.522147,12.096867,8.789903,10.771998,10.461737,8.051316,7.339544,8.091097,5.944514,8.871556,6.626832,6.963195,8.386918,7.469578,10.580894,7.714539,9.243952,7.331018,10.434382,8.045191,11.358112,8.34444,8.769993,7.794459,7.026527,8.355868,8
GSM1371671,8.707561,7.929357,5.449576,9.111971,7.863436,11.562327,7.810456,9.366592,7.160559,10.546004,8.582499,10.247778,10.304056,7.960859,10.442769,4.194276,11.557665,8.990207,10.288411,10.75576,7.819715,7.089956,8.28232,5.826897,8.27563,6.749537,7.17838,8.68534,7.696826,10.779487,7.285408,9.007457,7.622783,10.403669,7.5813,11.775153,8.491748,9.051226,7.974558,7.369888,8.696006,0
GSM1371672,8.720163,8.428897,5.186275,9.682542,7.498497,10.82707,8.059895,9.547396,8.025273,9.788985,8.797972,10.161288,10.58592,8.137262,10.584613,4.30788,12.044356,8.51734,10.305467,10.198756,8.14873,7.090891,9.363721,5.677066,8.203763,7.080398,7.258852,9.026443,7.648433,10.77257,7.407295,9.079496,7.925595,9.565331,8.74076,11.54016,8.452168,9.615881,8.23676,7.363337,7.820855,8
GSM1371673,8.312034,8.240118,5.629031,8.778838,8.537288,11.240981,7.016624,9.990775,7.355181,9.760876,8.646549,9.650063,10.289356,8.396969,10.68655,3.459191,12.088017,8.425204,10.405502,11.069998,7.819171,7.126021,8.846451,5.972548,8.575557,6.558088,7.148006,8.836195,7.54805,10.429517,6.889993,8.886847,7.48201,10.18638,8.201757,10.46347,8.358208,8.879688,8.542375,8.935429,8.669941,20
GSM1371674,8.505974,8.544333,5.563186,8.928619,9.021804,10.911686,7.18692,9.877297,7.32739,8.88909,8.745306,9.801873,10.195689,8.284413,10.683116,3.658132,12.227859,8.657895,10.065794,11.100533,8.012787,6.634086,8.620948,5.570217,8.720364,5.965224,6.865243,9.207864,7.808204,10.591789,6.783087,8.768431,7.434858,9.596542,8.331065,10.08864,8.285339,8.965713,8.232351,8.229219,8.391904,16
GSM1371675,8.727473,8.673096,5.090444,8.956166,9.033471,11.045663,7.396164,9.822748,7.192341,9.768545,8.885252,9.890136,10.281808,8.289302,11.071053,3.506284,12.052973,9.043416,9.828045,10.829484,7.924212,7.249045,8.045535,5.881167,8.756525,6.376022,7.035485,9.118052,8.04204,10.272254,7.318389,9.11209,7.826202,9.926697,7.577037,10.43993,8.905875,8.949763,8.375963,8.536781,8.384959,0
GSM1371676,8.232595,8.271784,5.730906,9.689716,7.706272,11.072107,7.881852,9.128277,7.990212,10.286884,8.47714,8.957084,10.341822,8.315669,10.661257,4.777717,12.477488,8.792249,10.589509,10.644481,8.198609,6.813876,8.451955,6.360348,8.341773,6.827146,6.521344,8.816435,7.466831,9.890443,7.172429,9.131474,7.701628,9.753559,8.988811,11.810365,8.782399,9.322085,8.521479,7.976911,7.975677,12
GSM1371677,8.482083,7.352193,5.499991,9.505619,7.439535,11.211102,7.685824,9.278364,8.027168,10.634047,8.611838,9.154423,10.674246,8.730701,10.944663,3.752706,11.999772,7.984615,10.646212,11.018503,8.402523,7.432949,10.028972,5.773576,8.809497,6.517857,6.481996,9.159964,7.672234,10.342535,7.227192,9.146457,7.467106,10.285176,8.048682,10.947059,8.836777,9.225698,9.952865,7.435508,8.383595,12
GSM1371678,8.735239,8.203425,5.800463,8.976609,7.551591,11.69992,7.777379,8.930862,7.26636,10.953935,8.667987,9.92816,10.364165,8.274016,10.737489,4.435334,11.744054,8.934245,10.671938,11.311741,7.870507,7.194489,8.332545,5.978755,8.593953,6.592761,6.658728,8.552477,7.464376,10.66203,6.694033,8.972747,7.587497,10.530483,7.783079,11.861228,8.858339,8.76544,8.511447,7.174352,9.166921,20
GSM1371679,8.398423,8.327711,5.56118,9.763209,7.459536,11.077665,7.781104,9.369564,7.906528,9.973311,8.701636,9.842071,10.359056,8.20736,10.738975,3.390983,11.996119,8.390063,10.437992,10.763303,8.120227,7.052266,9.091715,5.837247,8.192668,6.828301,7.400296,9.048611,7.662484,10.462604,7.479463,9.046807,7.634724,9.609118,8.764951,11.625034,8.673535,9.493885,8.399933,7.437195,8.266823,8
GSM1371680,8.633437,8.615981,5.489757,8.929487,9.164173,11.157819,7.390684,9.788009,7.723236,9.708797,8.849043,9.798348,10.1849,8.285121,10.843307,3.912323,12.160757,8.725396,9.843044,10.916084,8.122392,6.992541,8.470125,5.873435,8.778476,6.678426,7.326585,8.956919,7.828887,10.507739,7.333362,9.095003,7.66478,10.159522,8.185676,10.330478,8.630676,9.035443,8.490183,8.51784,8.496359,4
GSM1371681,8.52969,8.208372,5.684886,9.143785,8.787964,10.31137,7.396452,9.983209,7.667595,9.78533,9.01261,9.634917,10.199658,8.678704,11.024462,3.795073,12.57723,8.192564,9.749552,10.557964,8.631568,7.811384,8.652689,6.043128,9.488835,6.789985,5.969082,8.933851,8.005403,10.310556,7.218586,8.929964,7.659722,10.106182,8.058604,10.737561,8.975909,9.146296,8.276003,8.893957,8.75301,16
GSM1371682,8.087353,8.143251,5.404374,9.812883,7.306341,10.863323,7.8238,9.354771,7.32544,9.953315,8.716191,9.742124,10.33928,8.283185,10.903612,4.162343,12.309233,8.368752,10.305175,10.559215,8.050944,6.872037,9.282757,5.91915,8.247147,6.89978,7.268351,8.814555,7.74813,10.550126,7.478373,8.99074,7.624434,9.857401,9.024882,11.416027,8.617476,9.482344,8.451202,7.558645,8.094932,12
GSM1371683,8.488671,8.319337,5.400923,9.577765,7.689881,11.139797,7.938373,9.209609,8.047653,10.542734,8.565965,9.272024,10.228266,8.41058,10.726863,3.680008,12.196404,8.786087,10.48619,10.807132,8.04709,6.637945,9.280754,5.633351,8.251923,6.542931,6.90537,9.160725,7.845992,10.134054,7.128397,8.952002,7.632855,10.00936,8.572732,12.211429,8.655582,9.188558,8.916795,7.746535,8.370485,16
GSM1371684,8.831858,8.206241,5.605395,9.98862,7.84508,10.962424,7.959236,9.527361,7.313939,9.945954,8.978943,10.035921,10.68766,7.887642,10.578434,4.111895,11.992065,9.303084,10.018918,10.348436,7.838411,6.924032,9.152247,6.152507,8.465566,6.853692,7.392059,8.895735,7.883393,10.446557,7.224978,9.144821,7.577337,9.80628,7.746849,10.23488,9.016448,8.734241,9.067079,6.207221,8.414911,0
GSM1371685,8.434247,8.073584,5.593229,9.16461,7.458866,11.380743,7.665034,9.229183,7.904567,10.737014,8.741265,9.98126,10.482761,8.441312,10.832863,4.596415,12.06738,8.820468,10.674537,10.783116,8.134379,7.331914,8.189333,6.068273,8.706416,6.603709,6.53026,8.693172,7.758812,10.417593,7.311779,9.148753,7.788786,10.637128,8.059042,11.04055,8.741641,9.067637,8.56742,7.379983,9.039149,12
GSM1371686,8.312544,7.663151,5.318869,9.368197,7.557511,10.937181,7.427295,8.924873,8.548737,10.288688,8.621256,9.219174,10.289728,8.93174,10.556875,3.757346,12.360488,7.78621,11.001235,10.670229,8.260339,7.273949,10.717517,5.691516,8.596818,6.572392,7.022583,9.193675,7.4553,10.56909,8.270376,9.05285,7.342769,10.222673,8.751025,11.405429,8.41399,9.219877,10.191978,7.730286,8.302162,8
GSM1371687,8.821746,8.34311,5.711084,9.784486,7.431168,10.859489,8.183123,9.463736,7.00913,9.539523,8.71296,10.018051,10.423136,7.787282,10.638283,4.091523,11.777488,8.842105,9.825066,10.168359,7.964362,6.844171,8.765182,5.773468,8.013342,6.999538,7.347133,8.893283,7.678094,10.817297,7.384528,9.102376,7.71441,9.298208,8.588637,11.221107,8.534256,9.502644,8.59084,7.059575,7.935079,0
GSM1371688,8.206452,8.41583,5.518335,9.71087,7.425214,10.899726,7.793951,9.225002,7.473382,10.124406,8.638557,9.477677,10.449467,8.287934,10.885198,3.560077,12.382149,8.446922,10.493113,10.449823,7.922976,6.920663,8.790589,5.707389,8.21848,7.293977,6.79208,8.915679,7.566527,10.293986,7.360391,9.231182,7.434013,9.726733,8.966319,11.288345,8.706608,9.604936,8.570577,7.377848,8.19966,12
GSM1371689,7.987117,7.339909,5.89395,9.577254,7.508027,11.352851,8.00813,9.049034,7.31575,11.00447,8.777618,9.244424,10.608529,8.688999,10.648904,3.651071,11.861788,7.946171,10.744428,11.138195,8.108242,7.338296,9.293899,5.65942,8.772574,6.239899,6.360145,9.026026,7.5789,10.320877,7.012587,8.971384,7.037085,10.217499,7.655792,11.109568,8.793587,9.157588,9.784615,6.808485,8.5266,16
GSM1371690,8.688785,7.540256,5.421341,9.444352,7.514659,11.085409,7.844756,9.21747,8.646296,9.477929,8.621312,9.018123,10.050433,8.256269,10.643766,4.031231,12.23326,8.026026,10.67978,10.088082,7.933822,7.086233,9.883819,5.933135,8.571162,6.681872,7.233511,8.999744,7.364845,10.336907,7.624393,8.964747,7.205095,9.936848,9.063128,10.927786,8.312996,8.965269,8.523781,6.678842,7.957181,8
GSM1371691,9.12719,8.247628,5.590036,8.93697,8.004078,11.004029,7.442186,9.543501,8.787345,10.683648,8.636236,8.955025,9.852617,8.510161,10.861785,3.839776,12.670971,7.951674,11.105555,11.075527,8.435234,7.335052,8.911468,5.695765,8.776811,6.631746,6.658915,9.185804,7.409129,10.242865,7.659341,8.97732,7.378618,10.707282,9.274714,11.026486,8.450844,9.2283,8.978805,7.629976,9.217098,8
GSM1371692,8.749756,7.526658,5.647337,9.388448,7.107272,11.198075,7.883326,9.224059,7.168048,9.720192,8.456542,9.396576,10.046969,8.048252,10.708043,4.082329,11.039687,8.478054,10.337899,10.23459,7.711719,7.08503,9.412165,5.789983,8.489444,6.935194,7.252921,8.747588,7.340201,10.430479,7.099252,9.031319,7.263072,9.991836,8.21043,10.859039,8.320459,8.844073,8.457058,6.274051,8.178194,0
GSM1371693,8.590244,7.254113,5.425238,9.326375,6.983595,11.177353,7.737412,9.354601,7.669321,9.866091,8.408256,9.067704,9.734557,8.291157,10.854461,3.778328,11.421202,8.439929,10.688738,10.320508,7.907502,7.336528,9.48247,5.64609,8.704651,6.846578,7.35416,9.055087,7.5289,10.280088,7.399962,9.257438,7.21291,10.040797,8.341028,10.910596,8.49728,8.90468,8.604316,6.430691,8.317551,4
GSM1371694,9.090239,8.079724,5.688722,9.510897,7.298958,10.90331,8.558705,9.227244,8.551958,9.997952,8.786452,9.601784,10.253455,8.371407,10.66069,3.696425,11.478751,8.516871,10.266489,10.045055,7.840731,7.154141,10.905677,5.70253,8.215843,6.956193,7.319565,9.067171,7.808521,10.508164,7.712699,9.155833,7.47656,9.747656,7.499958,11.384631,8.525958,8.573462,10.380734,7.391843,8.281485,8
GSM1371695,8.932371,7.610523,5.369377,9.693556,7.196276,10.886927,8.063665,9.362338,7.133555,9.649677,8.690082,9.540054,10.10512,8.076865,10.235216,3.390377,11.662714,8.852042,10.191077,9.964815,7.998528,7.205874,9.798573,5.979378,8.621455,6.870476,7.230627,8.861183,7.874213,10.500693,6.693148,9.038759,7.197654,9.958636,8.220017,10.747446,8.36056,8.762905,8.023606,6.327784,8.002767,20
GSM1371696,8.559459,7.182701,5.557704,9.18927,6.996637,11.156936,7.822372,9.234706,8.16052,9.588592,8.282187,9.318524,9.712484,8.350612,10.746105,4.399043,11.311381,7.971963,10.503214,10.027741,7.754624,7.268419,9.578967,5.550901,8.846013,6.694059,7.219882,8.84006,7.471028,10.397307,8.104618,9.138616,7.427552,10.296721,8.270472,10.585479,8.439807,8.925627,8.725918,6.27245,8.058336,4
GSM1371697,9.239046,8.115432,5.317166,9.779379,7.321423,10.892238,8.701056,9.525858,7.496676,9.9836,8.669108,9.662176,10.324412,7.825449,10.476971,3.558807,11.047817,8.845478,10.106392,9.986254,8.006791,6.969434,10.81399,5.739992,8.135973,7.102827,7.145315,8.799154,7.819816,10.573478,7.220916,9.111595,7.322263,9.44013,7.05619,11.170606,8.582139,8.752805,10.167819,7.207845,8.290798,0
GSM1371698,8.41308,7.542378,5.443579,9.570199,7.654011,11.15206,8.013278,9.257376,7.452652,9.901,8.492022,8.958895,10.128326,8.223916,10.914607,4.06005,11.839607,8.26767,10.637184,10.458602,7.913591,7.394457,9.547458,5.66121,8.70998,6.597388,6.890573,8.864631,7.556733,10.118995,7.016163,8.899269,7.385646,10.223212,8.756,10.615227,8.442954,9.071175,8.404519,7.085979,8.214593,12
GSM1371699,8.550508,7.332657,5.565132,9.570944,7.239519,10.783525,7.955528,9.245755,7.356839,9.992734,8.555544,8.991164,9.351446,8.239662,10.631416,4.146713,11.563183,7.898747,10.429071,10.087201,7.947023,7.6722,10.359443,5.545746,9.345523,6.273995,6.435807,8.900219,7.68927,10.390154,6.754974,9.010331,7.175537,9.642609,8.351999,10.599905,8.37577,9.011299,8.635042,6.684454,7.974273,16
GSM1371700,8.231968,7.876387,5.699478,9.768271,7.380736,11.004515,7.810231,9.2791,6.850558,9.713045,8.183999,9.511038,10.280098,7.993459,10.542821,4.468562,11.53593,8.59359,10.045101,10.335686,7.870045,6.651819,8.909104,5.778811,7.611382,6.676531,7.478504,8.754054,7.199379,10.633744,6.607136,9.043338,7.608901,8.847911,8.514211,11.442182,8.571078,9.202298,8.140505,6.98643,7.76499,0
GSM1371701,8.750968,8.240363,5.333077,9.586405,7.392561,10.346897,7.839278,9.494676,7.943919,9.604408,8.867573,9.813666,10.508628,7.860524,10.50666,4.242276,12.549755,9.045927,10.35263,9.705066,8.442053,7.084263,10.084525,5.970365,8.463422,7.036641,7.090685,8.758191,7.64543,10.67724,7.072456,9.26412,7.682381,10.257821,8.528081,9.987401,8.655403,9.68232,9.191317,7.304774,7.428645,12
GSM1371702,8.832476,8.107997,5.556054,9.680848,7.507662,10.777214,8.201162,9.549579,8.196586,9.870924,8.85927,9.402475,10.33472,8.245819,10.912964,3.900705,11.978032,8.403034,10.360855,9.482041,8.257996,7.142243,10.825242,5.730321,8.482211,6.590112,6.814753,8.853392,7.638261,10.398834,6.953868,9.140367,7.432853,9.943017,8.070451,10.832198,8.564306,8.742835,9.898494,7.301433,8.309819,12
GSM1371703,9.283579,7.916981,5.330329,9.832793,7.398044,11.198671,7.749529,8.975809,7.651713,10.7743,8.603318,10.008762,10.23795,8.194498,10.42478,3.623221,11.548702,9.003786,10.754581,10.822513,7.817806,7.289882,9.040635,5.687971,8.410321,6.772024,6.786554,8.793893,7.643969,10.939579,7.215256,8.841256,7.29527,10.351457,7.691641,11.267898,8.584749,8.669314,8.879966,7.334631,8.636723,20
GSM1371704,9.241042,7.902357,5.628522,9.406134,7.318819,10.942354,8.554001,9.499245,7.572516,10.07342,8.640259,9.901508,10.282432,8.080003,10.623187,4.433497,11.462846,8.928887,9.943187,9.973469,8.056939,7.0426,10.623721,5.938499,8.077308,6.984688,7.346134,8.830928,7.779769,10.726171,7.352712,9.164798,7.207115,9.453286,7.309857,11.168937,8.587102,8.642724,10.408767,6.927824,8.386627,4
GSM1371705,8.590869,8.337632,5.109541,9.847337,7.931435,10.943084,8.06937,9.314325,7.608658,9.82158,8.800713,9.718267,10.6258,8.010846,10.673661,3.577258,12.215237,9.019997,10.363484,10.359715,8.076362,7.096787,9.496312,5.545329,8.502769,6.600342,6.926449,8.908677,7.575546,10.344381,7.293804,9.132924,7.299797,9.805302,8.295676,10.1673,8.800462,8.726559,9.152018,6.571813,8.181319,16
GSM1371706,8.512174,8.262279,5.315404,9.705169,7.405436,10.967341,8.023296,9.41338,7.322137,9.791003,8.658878,9.75408,10.594527,7.821392,10.689409,4.399078,12.080614,8.591073,10.165128,10.442145,7.833272,6.782715,8.999774,5.722944,7.909397,6.90344,7.808993,9.299155,7.750076,10.534992,7.245281,8.980418,7.617628,9.569007,8.973769,11.53106,8.652276,9.381448,8.398331,7.22723,8.27619,20
GSM1371707,8.135851,7.957397,5.708405,9.286485,7.321885,11.297619,7.630165,9.787949,7.651507,10.465084,8.523497,8.674177,10.109058,8.511933,10.808444,4.187757,11.784752,8.115338,11.146535,11.019685,8.028393,7.099789,8.923988,5.675442,8.705896,6.367709,6.588437,9.152982,7.341958,10.088471,6.967162,9.012217,7.426687,10.584142,8.273699,10.650379,8.619915,8.791395,9.178732,7.437496,9.212732,12
GSM1371708,8.69069,7.097012,5.358829,9.480285,7.09013,11.274798,7.451724,9.227182,7.178755,10.882111,8.611985,9.609304,10.369923,8.499686,10.577686,4.209568,11.298476,8.470368,10.611712,10.773072,8.040878,7.363895,9.385761,5.626901,8.51977,6.832136,6.882205,9.098337,7.311846,10.663176,7.204055,9.128678,7.267307,10.11411,7.463391,11.460097,8.682488,9.176537,9.71479,7.167121,8.440072,0
GSM1371709,8.705596,5.868576,5.823602,9.053126,6.989304,11.249478,7.750552,9.010741,7.196101,9.576899,7.885525,9.095874,9.558549,8.192613,10.665271,3.56832,11.13746,8.225897,10.097111,10.366657,7.665297,7.142746,9.100349,5.778353,8.504173,6.591939,7.175938,8.551322,7.050091,10.244324,7.086009,9.067271,7.094528,10.009513,7.84071,10.656943,8.547165,9.012483,8.190189,6.205681,7.928553,4
GSM1371710,7.974704,8.441953,5.421494,9.456713,7.722692,11.105253,7.385014,9.397079,7.966186,9.887786,8.608525,8.910812,10.352318,8.409126,11.065865,3.843993,12.335198,8.779037,10.682617,10.614327,8.11182,6.976485,9.171437,5.853262,8.615654,6.39685,6.941553,8.874675,7.358922,10.455459,6.823442,9.074251,7.225017,9.894377,8.757925,10.856943,8.72474,9.135722,8.499609,6.068616,8.594231,12
GSM1371711,8.341262,7.970817,5.533025,9.809719,7.293598,11.349999,7.840714,9.135404,7.313285,10.264797,8.564606,10.076031,10.409515,7.866118,10.838683,3.966517,10.829702,9.163677,10.359795,10.777266,7.707843,6.664599,8.632663,5.637733,8.314767,6.710852,7.392552,8.908782,7.625289,10.525654,7.141661,9.061247,7.581787,10.193601,7.501203,10.362556,8.743176,8.862707,8.054848,6.986998,8.616882,0
GSM1371712,8.498544,8.055403,5.335348,9.843908,7.61694,11.21272,8.030882,9.140936,8.048712,10.199547,8.6725,10.135475,10.536382,8.141072,10.710732,3.601156,11.656208,9.046629,10.302571,10.788972,8.105216,6.768849,8.543553,5.613779,8.437937,6.531393,7.188893,9.041362,7.913919,10.437675,7.3384,9.050346,7.587756,10.136854,7.951606,10.281337,8.636837,8.8829,7.974587,7.020654,8.438737,16
GSM1371713,9.423667,7.898544,5.263812,9.680699,7.460216,10.869513,8.708523,9.499817,7.693388,10.06613,8.891498,9.887995,10.512562,8.08259,10.420629,3.511586,11.335416,8.921793,10.023234,10.080321,7.93934,7.071162,10.290509,6.078119,8.160745,6.752012,7.249421,8.761104,7.734119,10.607761,7.577292,9.337293,7.569223,9.507983,7.241074,10.909915,8.670578,8.421913,10.070971,6.803148,8.337904,4
GSM1371714,8.479534,7.426691,5.197965,9.451979,7.354238,11.282657,7.758005,9.179423,7.123925,10.09492,8.486566,8.859072,9.985998,8.283645,11.073587,4.022413,11.96128,8.289516,10.62524,10.607294,7.873509,7.125422,9.786598,5.784148,8.741963,6.955015,6.654017,8.984767,7.341363,10.345407,6.591281,8.950161,7.124068,10.156744,8.77693,10.743107,8.232739,9.082298,8.478433,6.745101,8.186808,16
GSM1371715,8.902529,8.248887,5.630684,9.478525,7.565557,10.90379,8.361568,9.533703,8.714436,9.822909,8.854373,9.456725,10.460969,8.110342,10.598254,3.216703,12.344999,8.334512,10.257257,9.849373,8.258873,7.153355,10.780493,5.883718,7.940157,6.81004,7.398111,8.947475,7.90103,10.230813,7.744058,9.24428,7.120317,9.271312,8.37278,11.099431,8.772371,8.819472,10.492427,6.929486,8.152707,8
GSM1371716,8.822015,8.582957,5.441822,9.682208,7.980004,10.725683,7.736135,9.347226,8.228716,9.203908,8.802508,10.341527,10.619194,8.04229,10.414388,3.275776,12.356958,8.964308,10.109297,9.903017,8.119214,7.411701,9.312714,5.929446,8.383541,6.93563,7.53728,8.994442,8.035388,10.600769,7.550816,9.081784,7.460273,9.555681,8.380959,10.069626,8.915511,8.764382,8.941591,6.487936,7.922599,8
GSM1371717,9.070309,8.070039,5.412107,9.523249,7.278699,11.096967,8.627075,9.432929,7.505079,9.977072,8.753159,9.406458,10.384758,7.939335,10.555979,3.884412,11.229054,8.814548,10.166722,9.949432,8.020225,6.886001,10.884481,5.511306,8.129636,6.710159,7.159458,8.791515,7.608833,10.473892,6.934374,9.297051,7.132031,9.422539,7.180439,11.209659,8.712753,8.521495,10.349229,6.953249,8.414274,0
GSM1371718,8.62542,7.552236,5.125194,9.691336,7.445234,10.999352,7.973907,9.028056,7.92543,9.583584,8.564397,8.978649,10.187937,8.359231,10.994573,3.595028,11.979494,8.484731,10.484675,10.204247,8.017297,7.218951,9.990826,5.680123,8.967272,6.844404,6.863293,8.912931,7.698037,10.045254,7.053751,9.095236,7.229739,10.23307,8.800715,10.533726,8.44512,8.971744,8.504702,7.041647,8.256292,12
GSM1371719,8.301282,7.64802,5.447286,9.361254,7.301719,11.006054,7.673226,9.249913,8.678939,9.322056,8.419216,9.046009,9.996971,8.259191,10.678704,4.642366,11.977386,7.852247,10.617615,10.071682,7.929655,7.156741,9.735436,5.825537,8.607486,6.87423,7.155325,8.795476,7.568714,10.182244,7.410067,9.152103,7.415673,9.961054,8.947575,10.239501,8.4912,8.9455,8.411664,6.405887,7.898995,8
GSM1371720,8.429751,7.2828,5.62235,9.289919,7.341701,11.175523,7.984847,9.364872,7.024482,10.023328,8.431385,9.186264,10.237418,8.140617,10.418352,4.387148,11.617374,8.217174,10.623097,10.481731,7.739738,7.244065,9.405653,5.913479,8.664286,6.796347,6.715525,8.606112,7.440324,10.220096,7.066847,9.126068,7.409679,10.229936,8.565505,10.708554,8.265447,8.94685,8.325936,6.594709,8.145948,8
GSM1371721,9.250642,7.811468,5.637296,9.636168,7.451437,10.888805,8.655973,9.207049,7.692196,9.888171,8.636017,9.763812,10.241414,7.905684,10.664658,3.794552,11.280195,8.756075,9.795928,9.987866,7.887548,7.29657,10.999371,5.758794,8.144344,7.032362,7.221268,8.998925,7.882061,10.686363,7.230037,9.15295,7.448189,9.210876,7.221874,11.159185,8.825115,8.232258,10.510091,6.881669,8.254501,4
GSM1371722,8.848563,6.993262,5.553144,9.204769,7.081395,10.99008,7.790197,9.257045,7.238139,9.64749,8.6919,9.577369,10.183663,8.072853,10.541537,3.763641,11.044197,8.393102,10.155688,9.898506,7.687436,7.473747,9.57616,5.641419,8.640392,6.868118,7.294948,8.609313,7.645911,10.519339,7.076294,9.198996,7.464011,10.134517,8.150007,10.490928,8.429739,8.955362,8.502666,6.328656,8.068709,0
GSM1371723,8.595807,8.361161,5.334257,9.744117,7.393518,10.764092,8.035165,9.305784,7.295141,9.508519,8.737154,10.053934,10.487351,7.839478,10.58291,4.339875,11.808875,8.815951,9.841796,10.224856,7.980098,6.737241,8.848586,5.625824,7.986025,7.341577,7.637407,9.049034,8.013296,10.721177,7.345535,9.082906,7.858571,9.432824,8.95459,11.374789,8.903683,9.463549,8.207033,7.300201,7.785025,0
GSM1371724,8.686097,7.302932,5.276918,9.489536,7.109279,10.984753,7.980841,9.381886,7.13799,9.671316,8.672129,9.483188,10.172674,7.987032,10.417538,3.624233,11.383675,8.550724,10.374611,10.126613,7.876458,7.199753,9.8546,5.729201,8.528943,6.551573,7.324168,8.848055,7.493422,10.289974,7.100498,8.949561,7.340728,10.192426,8.568335,10.58455,8.382139,8.976598,8.349941,6.284634,8.079788,20
GSM1371725,9.164647,7.696761,5.651765,9.829909,7.343307,11.639237,7.507333,8.705863,7.698118,10.89035,8.354483,9.763527,10.1552,8.383701,10.761585,4.286765,11.789522,8.716995,11.066123,10.970392,7.587652,6.654327,8.749721,5.719381,8.20501,6.160467,6.674145,8.560508,7.396149,10.664301,6.624923,8.667085,7.329646,10.303028,7.828099,10.633459,8.58933,8.410627,8.820057,7.230318,8.619066,16
GSM1371726,9.149131,8.386951,5.687736,9.670709,7.45372,11.056338,8.461546,9.359106,7.683704,10.334001,8.711825,9.777632,10.38335,7.806716,10.544429,3.778351,11.414037,9.054735,10.29524,10.029252,8.12975,6.99992,10.191722,5.569288,8.23482,6.725944,6.900975,8.76128,7.89458,10.458691,7.233557,9.268475,7.541978,9.621749,7.245433,10.925017,8.535384,8.764185,9.931584,7.229894,8.431526,0
GSM1371727,8.680696,8.409186,5.454557,9.511328,7.296251,9.986542,7.609756,9.480217,7.627623,10.054019,8.952735,9.717249,9.923618,8.574481,10.180557,3.475052,12.162573,8.845425,9.686622,10.000628,8.761287,8.053178,10.305138,5.81561,9.246767,6.885515,6.418556,8.920372,7.987541,10.778134,7.096734,8.945143,7.33024,9.473649,7.871214,10.999696,8.436626,9.154091,8.362415,6.320654,8.137183,16
GSM1371728,8.985453,7.744294,5.539006,9.974282,6.751625,10.642197,9.128321,9.78136,7.756442,10.827254,9.148351,9.288485,10.940264,8.554216,11.019896,3.846562,11.882679,8.554454,10.657886,10.262245,8.847951,7.454539,9.776426,6.169335,8.905205,6.958714,5.447131,8.508278,7.633333,9.449852,7.28556,9.697842,7.590865,9.929055,6.387624,10.914585,9.301433,8.974729,9.926177,6.581908,8.746739,16
GSM1371729,8.80924,8.039384,5.401455,9.611727,7.437333,11.256668,7.901417,9.177501,8.413124,9.792631,8.847869,10.354589,10.500476,8.219041,10.439349,3.998438,11.502698,8.932855,10.327021,10.517103,7.842994,6.72497,9.155773,5.623299,8.240485,6.636814,7.604187,8.891284,7.998942,10.582952,7.504582,8.955451,7.472924,9.97014,7.999788,10.618267,8.600126,8.669895,8.232786,6.624227,8.278366,8
GSM1371730,8.773829,7.844278,5.51397,9.710008,7.374686,11.318345,7.97776,9.099171,7.267425,10.244823,8.730469,10.068162,10.511836,8.155943,10.44475,3.571647,11.600144,9.290441,10.348332,10.68606,7.97181,6.942316,9.050473,6.143267,8.278812,6.565202,7.024361,8.851286,7.815596,10.646155,7.022653,9.046782,7.515836,10.222356,7.85726,10.348745,8.532606,8.797471,8.211179,6.651262,8.592233,20
GSM1371731,8.281333,8.386399,5.450878,9.513862,7.630562,10.985125,7.712492,9.334559,8.313666,9.73337,8.618815,9.765823,10.360449,8.14324,10.962639,3.546785,12.534043,8.292303,10.477765,10.206273,8.107071,6.792927,8.91364,5.831545,8.083885,7.06524,7.67231,9.019995,7.63134,10.688142,7.406407,9.069825,7.538604,9.427087,9.35149,11.193382,8.621061,9.649252,8.395814,7.50415,7.994514,8
GSM1371732,8.336051,7.392491,5.471893,9.33985,7.748205,11.199843,7.610614,9.180198,7.994917,9.485337,8.332827,8.680656,10.137778,8.331214,10.789029,4.390275,12.170333,7.870308,10.827765,10.056512,7.934077,7.170226,9.073076,5.513037,8.699953,6.804224,6.731512,8.643094,7.313276,10.004084,7.137903,9.168416,7.216715,10.232986,9.182966,10.268864,8.610676,9.221111,8.459345,7.016426,8.112976,16
GSM1371733,8.589542,8.174732,5.551921,9.762629,7.616238,10.205544,7.831935,9.249206,8.027679,9.909264,9.026242,9.941903,10.192998,8.277172,10.478293,3.78955,12.531717,8.574419,10.243782,9.575339,8.415727,7.457376,9.722478,5.716374,9.089501,6.597396,6.785462,8.816273,7.795478,10.838131,7.310101,9.287738,7.502987,9.887878,8.501354,10.274178,8.845945,8.827356,8.80096,6.653053,7.96592,12
GSM1371734,8.657951,7.959229,5.121569,9.648836,7.50588,10.978827,8.161535,9.183435,8.640713,9.387951,8.711875,10.421228,10.289505,8.194591,10.577052,3.647923,11.481169,8.784116,10.402218,10.376614,7.842562,7.012266,9.224773,5.547098,8.408787,6.242408,7.208651,8.930789,7.804558,10.575684,7.76804,9.020269,7.327203,9.923781,7.84081,10.20438,8.714574,8.687998,8.166175,6.618178,8.072196,8
GSM1371735,8.965905,8.334578,5.524127,9.525484,7.465772,10.938716,7.872884,9.368606,7.165531,9.728928,8.656298,9.865591,10.374534,7.772389,10.363186,5.190854,11.903257,9.101715,10.264421,10.038173,8.053088,6.672474,9.302933,5.759285,8.221879,6.262246,6.958211,8.653417,7.635747,10.461302,7.132843,9.159317,7.293065,9.546999,7.694447,9.987123,8.453947,8.520356,8.579025,6.018449,7.979429,4
GSM1371736,8.321388,7.808371,5.545571,9.056526,7.367229,11.264948,7.739596,9.8106,7.400449,10.76419,8.446086,9.193347,10.189651,8.221552,10.675027,4.17637,11.40007,8.145203,10.932891,11.260202,7.970891,7.091184,8.904001,5.649611,8.592966,6.46159,6.903354,8.942333,7.150451,10.203129,7.051602,9.053432,7.313125,10.529053,7.917843,10.946668,8.519131,8.785701,9.095756,7.307023,9.158086,0
GSM1371737,8.319152,8.175723,5.640834,9.364991,7.201129,11.451896,7.634751,9.756874,7.885544,10.862415,8.465025,8.848864,9.992494,8.24563,11.018873,4.978659,11.869282,7.985445,11.055331,11.325652,7.874624,7.07616,8.466008,5.668002,8.609419,6.207846,6.748623,9.344397,7.297122,10.008344,6.910743,8.914404,7.335374,10.731453,8.722209,10.946873,8.5069,8.886419,8.98481,7.751533,9.228675,16
GSM1371738,8.706318,7.496642,5.325688,9.876737,7.378933,11.2963,8.102838,9.114968,7.188362,11.314822,8.834515,9.41819,10.697398,8.553806,10.690464,4.018051,11.568875,8.410896,10.825111,11.181534,8.296458,7.633459,9.296887,5.812711,8.836308,6.769911,6.53427,9.084374,7.61229,10.448099,7.448817,9.304658,7.594212,10.356792,7.420911,11.486834,9.101842,9.308107,9.879067,7.202211,8.725403,20
GSM1371739,8.751905,8.218922,5.392696,9.959854,7.962831,10.624432,7.69851,9.462364,7.716019,9.814772,8.960753,9.893307,10.504641,8.0383,10.676298,3.590614,12.436892,8.982766,10.39185,9.977142,8.198776,7.117825,9.447659,5.854638,8.726555,6.56986,6.768429,8.690531,7.906521,10.365033,7.145461,9.194549,7.277073,9.919193,8.452302,9.647723,8.910703,8.993114,9.102521,6.245258,8.18759,16
GSM1371740,8.595582,8.04062,5.17552,9.712084,7.364876,10.961016,7.757269,8.901648,7.581742,10.216835,8.627616,9.598877,10.57947,8.374869,10.839413,4.171326,12.072789,8.709421,10.655076,10.4683,7.994329,7.756034,9.130509,5.696875,8.723067,6.600797,6.490776,8.77411,7.325701,10.544696,7.264887,9.036475,7.461044,10.068746,7.725009,10.61499,8.805551,8.932963,9.037281,7.287935,8.287015,16
GSM1371741,8.70721,8.302341,5.262811,9.389023,7.200057,10.607727,7.588368,9.025308,8.529432,9.622788,8.653268,9.564328,10.176772,8.477948,10.62443,3.426536,12.844576,8.484158,10.824281,10.210554,8.431734,7.44321,9.207901,5.592862,8.662106,6.750055,6.971093,8.578466,7.571131,10.672864,7.777685,9.260067,7.682265,9.861484,8.99636,10.189418,8.609239,9.321931,8.573121,7.029352,7.814921,8
GSM1371742,8.671723,8.076092,5.324651,9.280317,7.310488,10.877814,7.133012,8.849717,8.528564,10.078495,8.380358,9.509537,10.133314,8.431763,10.619613,3.684547,12.348369,8.42611,10.907968,10.293211,7.966362,7.297733,9.405127,5.774812,8.584848,6.412184,7.039768,8.878908,7.28017,10.678076,7.687845,9.16148,7.348965,10.034607,8.359534,10.804325,8.597998,8.904923,8.574337,7.136862,8.036252,8
GSM1371743,8.591511,8.30129,5.279135,9.623908,7.453191,10.988741,7.619389,9.220895,7.627365,10.085782,8.693761,9.865733,10.167995,8.053766,10.330302,4.632777,12.085055,8.807245,10.574236,10.370537,7.893409,7.038354,9.293577,5.933081,8.506679,6.661459,7.372029,8.664172,7.60307,10.710125,7.032056,8.957449,7.245602,10.162346,8.535966,10.099835,8.672967,8.814917,8.906171,6.752584,8.125575,8
GSM1371744,8.451941,8.256442,5.664981,9.536977,7.439026,10.692908,7.393497,9.571052,8.629574,9.706808,8.605951,9.428484,10.201344,8.605076,10.778204,3.619982,12.473196,8.782525,10.61986,10.170629,8.220727,7.137835,9.905492,5.797092,8.220932,6.812665,6.908179,8.646215,7.75858,10.522933,7.748664,9.186768,7.079984,9.614786,8.551386,11.08013,8.552296,8.972629,8.230085,6.383971,8.116306,8
GSM1371745,8.473642,8.041198,5.263722,9.375344,6.860205,10.750555,7.317646,9.054375,8.869792,9.785215,8.439896,9.67959,10.027009,8.494432,10.647791,3.621613,12.790281,8.421592,10.779617,10.023338,8.060225,7.595276,9.712401,5.485469,8.426769,6.549638,7.106637,8.756152,7.397213,10.848257,7.654567,9.06479,7.21948,10.00813,8.792595,10.696193,8.543333,8.972367,8.776465,7.482869,7.986249,8
GSM1371746,8.51733,7.352139,5.401983,9.920772,7.297244,10.248612,7.632738,9.211596,7.7148,10.868604,8.894808,9.540445,10.185213,9.126646,10.845167,4.308056,11.935856,7.925234,10.443288,10.414469,8.518801,8.219693,10.300618,5.592137,9.586319,6.750511,5.797458,8.557889,7.77938,10.845035,7.211482,9.229273,7.327654,10.249902,7.648838,11.16018,8.408707,9.172106,9.659169,7.294014,8.352974,12
GSM1371747,8.662076,8.307693,5.552102,9.898315,8.013954,10.893664,7.830887,9.51289,7.562588,10.061004,8.826222,9.969377,10.671996,7.996397,10.590998,3.742689,12.537276,9.201242,10.285746,10.553823,8.393804,7.080078,9.361079,5.543239,8.553205,6.737389,6.83127,8.977367,7.65087,10.38698,7.354381,9.207369,7.572056,9.811669,8.511858,9.688258,8.835383,8.927263,9.200794,6.207686,8.170058,20
GSM1371748,9.302025,7.899108,5.888562,9.57148,7.306569,10.966898,7.576854,8.823344,8.478328,9.945915,8.548827,10.088085,10.132978,8.245971,10.465714,3.780674,12.020081,8.66506,10.825281,10.222517,7.728084,7.228924,9.091927,5.987317,8.183385,6.620478,6.457677,8.592167,7.374428,10.674411,7.563151,8.771529,7.340929,10.046648,8.118629,10.518752,8.497393,8.650375,8.75017,7.055697,8.009129,8
GSM1371749,8.44102,7.928633,5.586042,9.815117,7.32119,11.340301,8.009216,9.03776,7.526592,10.247612,8.717922,9.962584,10.510933,8.010156,10.496096,3.73847,11.229973,8.950846,10.610356,10.857882,8.071173,6.792953,9.024878,5.859728,8.344234,6.294843,7.093068,8.77478,7.687976,10.464154,7.16241,9.036247,7.466923,10.106892,7.649638,10.34682,8.803611,8.841354,8.091606,6.700976,8.510033,20
GSM1371750,8.752374,8.096611,5.521448,9.7774,7.342313,11.145758,8.074035,9.187604,6.902602,10.198648,8.735315,10.332427,10.665358,8.152755,10.524329,4.194136,11.399744,9.164034,10.0741,10.744395,8.169249,6.971324,9.102443,5.681516,8.302176,6.497524,6.961025,8.852148,7.763132,10.551606,6.984535,9.044326,7.255221,10.075246,7.61982,10.443899,8.616868,8.914948,8.070916,6.944391,8.446646,20
GSM1371751,8.418243,7.23044,5.415491,9.66477,7.064284,11.0146,7.518363,9.117488,8.040603,10.698054,8.620075,9.172335,10.161202,8.76103,10.673228,4.290859,11.708274,8.222379,10.760783,10.762503,8.161421,7.436725,10.431903,5.713103,8.849544,6.330996,6.82734,8.990385,7.576969,10.727014,6.849959,9.077202,7.187665,10.400787,7.844671,11.361834,8.57683,9.041316,9.722759,7.547861,8.230816,12
GSM1371752,8.44504,7.870785,5.715934,9.335245,7.378054,10.905827,7.510428,10.055822,7.965403,10.567459,8.809268,8.982998,10.015847,8.456678,10.582343,4.097933,11.878635,8.040843,11.165661,10.507746,8.460711,7.4948,9.152245,5.979073,8.796613,6.548095,5.966632,9.235661,7.280198,10.249536,6.697564,9.153936,7.20737,10.835389,8.126383,10.895003,8.455344,8.978863,9.080856,7.599293,9.106524,12
GSM1371753,8.663134,8.50762,5.658097,9.614465,7.894995,10.922208,7.629157,9.635038,8.686428,9.90776,8.749568,9.482416,10.40559,7.889735,10.776831,4.003688,12.986913,8.677447,10.009138,10.479083,8.575101,6.960308,9.059189,5.596098,8.109164,6.996908,7.194607,8.631951,7.882246,10.47552,7.48367,9.270786,7.318863,9.43407,9.141438,10.842364,8.829985,9.396644,8.084289,6.197791,8.321076,0
GSM1371754,9.079302,7.550796,5.304135,9.404377,6.686056,10.640076,7.54392,9.02731,7.18778,9.713401,8.580468,9.93458,10.277703,8.198038,10.274971,4.297833,11.457493,8.96907,10.376529,10.036373,7.963517,7.447993,9.321921,5.617221,8.50272,6.706001,6.954792,8.699159,7.326553,10.754343,7.117685,9.170962,7.502951,9.783187,7.433852,10.516038,8.438223,8.709744,8.649771,6.806072,7.805325,0
GSM1371755,8.72767,7.472429,5.105721,9.613605,7.01306,11.060874,7.865673,9.063637,7.224794,10.457027,8.529984,9.687949,10.31016,8.388617,10.462178,3.880604,11.327644,8.510304,10.305056,10.729843,8.143083,7.136331,10.207842,5.818144,8.483111,6.56949,7.241555,8.752571,7.567212,10.811681,7.078735,9.005017,7.450117,10.210446,7.524184,11.197446,8.393253,8.904996,9.559375,7.062156,8.283098,0
GSM1371756,9.224134,8.327203,5.277421,9.751171,7.472185,10.628144,7.957224,9.455505,7.586489,9.670655,8.772543,10.240158,10.492796,8.102785,10.277908,4.329657,12.022008,9.171516,9.999513,9.962194,8.223063,7.122759,9.246297,5.826802,8.354641,6.610751,7.257532,8.929007,7.836659,10.775722,7.62167,9.306124,7.696433,9.64256,7.579808,9.862304,8.78587,8.723981,8.752502,5.764555,8.119028,4
GSM1371757,8.625515,8.339524,5.396173,9.177363,7.109266,11.068782,7.878283,9.678557,7.592361,10.774975,8.533808,9.419868,10.241705,8.227927,10.548951,4.054874,11.699497,8.317501,10.791919,11.12049,8.189833,7.29134,8.134426,5.627032,8.755419,6.762316,6.235816,9.071187,7.635105,10.276912,7.006736,8.874273,7.283217,10.56688,8.162506,11.24544,8.401622,8.862753,8.570073,7.199926,9.314613,20
GSM1371758,9.644245,8.032424,5.670763,9.796378,7.168503,11.091033,7.69704,9.18992,7.524061,10.165199,8.754107,10.474526,10.483617,8.101936,10.272375,3.833252,11.451393,9.198819,10.485704,10.062625,7.906682,7.195504,9.306122,5.708157,8.280899,6.856259,7.101718,8.615835,7.535555,11.024518,7.150819,8.899777,7.20906,10.211207,7.54895,10.550319,8.483672,8.538586,8.579059,6.707875,7.956187,0
GSM1371759,9.009273,8.258961,5.460441,9.855496,7.893977,10.811824,8.0771,9.63547,7.333446,10.247293,8.840077,10.06717,10.62955,7.709715,10.414292,3.284683,12.25962,9.171143,10.21972,10.150317,8.300265,7.265877,9.390896,5.470993,8.842052,6.736119,6.621229,8.805108,8.110314,10.608714,7.22143,9.256668,7.540075,9.825301,8.035632,9.78273,8.972666,8.909204,9.053469,6.373787,8.126816,20
GSM1371760,9.856903,7.094604,5.587936,9.88307,7.272675,10.380707,7.483966,9.150877,7.289389,10.920877,8.994277,10.381646,10.373298,8.50491,10.390571,3.551118,11.721511,8.932603,10.597553,10.003278,8.243107,7.900578,9.55694,5.344171,8.973639,7.013871,6.24408,8.492216,7.841995,11.019335,7.604644,9.297587,7.810679,10.141306,6.471481,11.477362,8.666106,8.948961,8.967737,7.323566,8.513486,0
GSM1371761,8.680862,7.756995,5.56918,9.140105,7.154936,11.138202,7.494468,9.681882,8.391797,10.844713,8.494592,9.338,9.997694,8.287798,10.702859,4.546757,11.392158,8.197892,10.900433,11.014911,7.992951,7.133645,8.386245,5.651803,8.740764,6.674971,6.846073,8.858657,7.28294,10.344486,7.429461,9.022672,7.086961,10.627892,7.692993,11.118146,8.470756,9.004907,9.058123,7.118196,9.239035,4
GSM1371762,9.79305,7.962917,5.523254,9.826123,7.474329,10.541502,7.784051,8.859912,9.071267,9.530521,8.747924,10.568281,10.301791,8.16688,10.539153,3.873843,12.391521,8.816489,10.316088,9.727973,8.051749,7.18996,8.87034,5.752975,8.4,6.815737,7.358365,8.669156,7.588815,10.951229,7.979663,9.081669,7.522711,9.844074,8.432662,9.979394,8.612691,8.612377,8.49945,6.797742,7.76957,8
GSM1371763,9.209183,8.000938,5.68136,9.890315,7.570794,10.23113,7.989995,9.593646,7.088468,9.966777,8.875182,10.119452,10.515966,7.948718,10.203292,3.596175,12.127518,9.298252,10.235268,9.812661,8.365953,7.079244,9.741534,5.585834,8.831143,6.932624,6.591204,8.707102,7.683507,10.665122,7.358989,9.530611,7.41082,9.53338,7.655413,9.71771,9.001541,8.884297,9.148844,6.006405,7.892647,0
GSM1371764,9.40131,7.602647,5.814634,9.820909,7.314554,10.988741,7.321579,8.922849,8.027956,10.277455,8.767662,10.009854,10.310923,8.31189,10.640604,3.606272,11.955425,8.910879,10.964967,10.199156,8.005601,7.217489,9.021151,5.756288,8.245306,6.458441,6.617683,8.490539,7.513186,10.693833,7.331944,8.978789,7.548872,10.064993,7.867051,9.925838,8.671107,8.754333,8.726685,6.979546,8.116249,12
GSM1371765,8.351064,7.960931,5.51656,9.433026,7.349529,11.293123,7.304663,9.49225,7.625241,10.561477,8.489796,9.180584,10.52708,8.400923,10.961339,3.879047,11.902392,8.737158,10.548011,10.87968,8.02752,7.115442,9.165772,5.357015,8.490399,6.781123,6.636442,8.545432,7.712986,10.441356,6.75832,8.965553,7.386089,10.076486,7.866952,11.387536,8.693772,8.933511,8.680027,5.954655,8.91452,16
GSM1371766,9.463667,7.632405,5.567161,9.790681,7.356853,10.879706,7.477941,9.000857,7.896251,10.597412,8.687077,10.102675,10.346115,8.492643,10.837124,3.646664,12.180659,8.87453,10.657301,10.521373,8.079241,7.4069,8.924316,5.884614,8.432121,6.730389,6.247834,8.538451,7.482262,10.624343,6.925663,9.086718,7.347486,10.149534,7.855813,10.58728,8.727168,8.799192,8.860293,6.961714,8.331586,16
GSM1371767,9.005284,7.970795,5.613985,9.447939,7.312661,10.024774,7.608969,10.009854,8.042055,10.682016,8.88176,9.891329,9.880341,8.59762,10.236727,3.764615,12.040547,7.961743,10.362682,10.544871,8.59018,7.81944,9.606924,5.376933,9.598353,6.387898,6.435376,8.869128,7.941258,10.630877,7.504277,9.106562,7.335425,10.786146,7.513228,11.219761,8.227074,8.888038,8.922019,6.954233,8.691366,4
GSM1371768,8.788465,8.16932,5.260574,9.325799,7.520854,10.302464,7.359924,9.641837,8.842276,10.66033,8.562117,9.164074,9.614983,8.606462,10.424383,4.009517,12.165281,7.844929,10.937888,10.476898,8.656942,8.008404,9.710935,5.902576,9.46996,6.244296,5.938694,8.931543,7.192103,10.481567,7.990749,9.117501,7.06542,10.615539,8.062062,11.320234,8.153094,8.812671,8.974212,7.364688,8.780764,8
GSM1371769,9.078025,7.97441,5.672968,9.526298,7.116804,10.934482,8.04241,8.994446,7.493186,9.614199,8.637613,10.54313,10.240786,7.847536,10.367058,3.479214,10.670372,9.129791,10.056831,10.328211,7.952781,6.89574,9.096514,5.58408,8.324492,6.887691,7.759622,8.623093,7.754201,10.82152,7.352932,8.997914,7.632698,10.048309,7.245365,9.944297,8.391943,8.581078,8.000204,6.262027,8.271503,4
GSM1371770,8.734833,8.415051,5.418917,9.87898,8.142254,10.626898,8.182247,9.34763,7.562604,9.794452,8.759543,9.778881,10.570435,7.972339,10.801654,3.882558,12.391855,9.21106,10.274816,10.194556,8.215516,6.774547,9.481378,5.895844,8.367236,6.628272,6.785583,8.850989,7.817547,10.254716,7.150745,9.18123,7.658565,9.535201,8.117883,9.419716,8.890182,8.808459,9.212487,6.308368,8.096091,16
GSM1371771,8.738205,7.805559,5.154115,9.154087,7.155441,10.888805,7.605829,9.825083,8.98546,10.640859,8.447795,9.017776,9.933193,8.539135,10.574858,4.502541,12.28814,7.704454,11.090463,10.56868,8.367088,7.66503,9.208093,5.904176,8.901441,6.490347,6.550852,9.212887,7.635105,10.294609,7.978776,9.059829,7.418542,10.862353,8.300498,10.910913,8.422062,8.908292,9.056243,7.740877,8.910098,8
GSM1371772,8.645559,7.410981,5.613245,9.519454,7.161776,10.910359,7.786643,9.22003,8.420892,9.418931,8.664733,9.070195,9.831368,8.441261,10.637769,3.349407,12.147596,8.076447,10.88143,9.994208,7.878697,7.234806,9.825698,5.771013,8.713794,6.675135,7.214215,8.799495,7.383563,10.234168,7.965752,9.169106,7.439232,10.119742,9.045472,10.3909,8.425216,9.127556,8.682077,6.74925,7.9314,8
GSM1371773,8.818535,7.991623,5.444027,9.695826,7.355884,11.061181,7.940374,9.067589,7.386082,9.65928,8.700294,10.316078,10.492987,7.801877,10.474849,3.47162,10.829858,9.261769,10.075347,10.212499,7.802559,6.78694,8.633083,5.955811,8.100653,6.697257,7.578079,8.896745,7.601061,10.513967,7.404389,9.056016,7.442423,9.75853,7.400489,9.867266,8.863803,8.566793,8.010976,6.3634,8.258267,0
GSM1371774,9.194597,8.44181,5.322357,9.485787,7.894643,10.661167,7.547662,9.555321,8.263671,9.609578,8.771365,10.213067,10.475899,7.710126,10.383837,3.137114,12.399532,9.245605,10.137101,9.898923,8.174022,7.00843,9.655048,5.647964,8.343161,7.092018,7.238754,8.912553,7.812804,10.679819,7.483805,9.247856,7.611169,9.735551,8.261895,9.699576,8.854666,8.772326,8.99595,5.915583,7.754873,8
GSM1371775,8.735603,8.038901,5.713444,9.629993,7.306797,10.638663,7.698486,9.03726,8.685049,9.650625,8.816243,10.054994,10.13415,8.210217,10.521597,3.850183,11.41808,8.660747,10.612062,10.273506,8.049677,7.222455,10.101548,5.451838,8.511765,6.516019,6.910085,8.927016,7.957861,10.747289,7.680602,8.922665,7.327503,9.569073,7.916801,10.46468,8.731925,8.731291,8.36358,6.902358,7.968568,8
GSM1371776,9.350093,7.904853,5.814938,9.692796,7.204319,11.114906,7.874321,8.961352,7.555015,10.522986,8.590885,10.1244,10.329717,8.081901,10.300967,4.452255,11.763346,9.052769,10.628951,10.620486,8.097919,7.182286,8.94219,5.462213,8.269703,6.55516,6.634454,8.727325,7.579572,10.789641,7.017939,8.834252,7.477029,10.152462,7.814366,10.778181,8.772782,8.768631,8.677673,6.911146,8.433583,20
GSM1371777,9.618078,7.736391,5.241637,10.115208,7.551032,11.006365,8.070861,9.079726,7.889365,10.880106,8.799086,10.021962,10.453884,8.337524,10.935262,3.746939,11.992901,9.023976,11.052788,10.646823,7.938885,7.188625,9.054158,5.671124,8.550274,6.506214,6.38073,8.791835,7.66429,10.633508,7.218673,8.95998,7.711933,10.24972,7.636828,10.561667,8.93464,8.803843,9.116347,6.87603,8.694338,16
GSM1371778,9.182755,7.772254,5.476329,9.988786,7.557479,10.603398,7.717886,9.053586,8.100683,10.271824,8.725484,10.038777,10.336857,8.352143,10.62398,3.948425,12.237319,8.957385,10.655891,10.17892,8.153217,7.642922,9.031339,5.664451,8.85511,6.858058,6.668185,8.846356,7.756738,10.685501,7.294883,9.073018,7.739054,10.352672,7.717867,10.682915,8.741901,8.974635,8.899748,7.3598,8.358903,12
GSM1371779,8.487196,8.278201,5.453567,9.459736,7.733391,10.840585,7.551522,9.40886,8.599244,9.946619,8.628714,9.19743,10.148846,8.47965,10.680631,4.241256,12.232543,8.51635,10.917051,10.603868,8.006413,7.07139,9.49117,5.766444,8.184658,6.952249,6.864709,8.673487,7.675656,10.682178,7.38135,9.106723,7.270299,10.001099,8.481331,11.341194,8.528917,9.104949,8.165554,6.556127,8.318672,8
GSM1371780,8.582354,8.071546,5.238339,9.733567,7.457863,10.576045,7.627234,8.98378,7.887208,9.794373,8.578187,9.716115,10.263875,8.587793,10.895085,3.916954,12.341289,8.712915,10.431485,10.314209,8.211319,7.575825,10.074834,5.488972,8.726297,6.611159,6.657055,8.689889,7.351598,10.756522,7.156763,9.0083,7.572461,10.13217,7.926217,10.542171,8.363125,8.881269,8.78095,7.409126,8.304467,12
GSM1371781,9.047011,8.348716,5.409939,10.031515,7.301153,10.949265,7.981284,8.971519,7.488979,9.755419,8.765524,10.38051,10.307594,7.760053,10.349435,3.472745,11.210357,9.251071,9.784438,10.285563,7.973179,6.906099,9.739797,5.64708,8.058613,6.595562,7.944126,9.038587,8.054709,10.794989,7.103787,8.971842,7.477029,10.096642,7.954433,10.429333,8.411065,8.792586,7.885646,6.835375,8.2439,0
GSM1371782,8.235625,7.979268,5.410442,9.591297,7.51356,10.982314,7.61253,9.490195,7.595991,9.837185,8.602377,9.16549,10.35665,8.349325,10.863477,4.426775,11.745405,8.775676,10.564817,10.504248,8.123229,7.442176,8.958079,5.655805,8.768255,6.837879,6.604933,8.367637,7.625605,10.365788,7.232638,9.008235,7.468831,9.893555,7.862042,10.567998,8.701774,9.131228,8.452736,6.11979,8.485248,12
GSM1371783,9.665602,7.763022,5.376909,9.861564,7.178026,10.945512,7.685984,9.101065,7.424412,10.099852,8.690348,10.271555,10.429197,8.124743,10.422819,4.247638,11.618677,9.311501,10.247648,10.204103,7.834293,7.020585,8.921994,5.913954,8.317179,6.990401,6.75344,8.54628,7.654478,10.801055,7.335026,9.130451,7.718772,10.055477,7.132941,10.622401,8.821967,8.812037,8.826121,6.846265,8.343237,0
GSM1371784,8.736306,8.028781,5.23429,9.482803,7.262115,11.225039,8.091134,8.987929,7.293473,10.100569,8.711498,10.237325,10.395074,8.081045,10.801211,3.736008,10.713288,9.182159,10.133691,10.757814,7.884286,7.081236,8.617135,5.72076,8.460187,6.561301,7.384366,8.946756,7.750473,10.651735,7.214175,8.984318,7.374641,10.240713,7.188389,10.518591,8.439235,8.542876,7.999483,6.587883,8.594528,4
GSM1371785,8.560897,7.994972,5.279314,9.61883,7.231807,11.097498,7.990359,9.02378,8.520583,10.034939,8.670981,10.028518,10.437148,8.386243,10.675011,4.019053,11.435924,8.702525,10.581101,10.541453,7.944008,6.919131,8.771484,5.653926,8.439695,6.495845,7.452761,8.85745,7.661664,10.522378,7.770231,9.037148,7.554489,10.204191,7.760693,10.682886,8.648827,8.691348,8.390176,6.985723,8.737316,8
GSM1371786,8.772516,8.073418,5.468885,9.587584,7.024518,10.886095,7.50926,8.981882,7.799565,9.810774,8.621684,9.570223,10.341987,8.446669,10.917239,3.871944,12.204272,8.813142,10.376876,10.147624,7.887554,7.298786,9.454127,5.66048,8.445368,6.218616,6.623543,8.861405,7.176662,10.656773,7.058111,9.001987,7.465787,9.893282,8.121674,10.211596,8.469754,8.994701,8.8436,6.867172,7.7551,16
GSM1371787,9.186857,8.477892,5.351291,9.722317,7.977785,10.483892,7.96209,9.417163,8.147747,9.501618,8.90326,10.342663,10.507656,7.896195,10.374218,4.256409,12.475666,9.256778,9.827607,9.774434,8.237576,7.101497,9.486241,5.675365,8.314171,6.756998,7.286917,8.813396,7.881463,10.796235,7.547872,9.275205,7.660007,9.651718,8.283959,9.568544,8.776324,8.836434,9.033858,5.654154,7.889542,8
GSM1371788,8.699189,8.221247,5.213138,9.568761,7.062069,11.13419,7.771812,8.907119,7.112781,10.305092,8.530902,9.534578,10.469647,8.27726,10.649578,4.203695,12.382494,8.864463,10.491492,10.692326,7.978027,7.393376,9.050444,5.38712,8.505917,6.624327,6.78679,8.712628,7.441357,10.586121,7.089215,9.125207,7.468961,10.043611,8.36689,10.764156,8.816964,9.065342,8.8342,7.209852,8.457504,20
GSM1371789,8.61477,7.710631,5.443903,9.249121,7.367142,10.756536,7.110072,9.501553,7.644441,10.543922,8.47598,9.29058,9.890934,8.350911,10.74444,3.854143,11.77474,8.601297,10.555735,10.209881,8.258169,7.698776,9.386195,5.479436,8.885697,7.032262,6.718944,8.650671,7.79041,10.616386,7.130792,9.200012,7.478865,9.506856,7.895739,11.362516,8.452309,9.149562,8.37238,6.300873,8.426425,4
GSM1371790,8.839113,8.458224,5.509107,9.690059,8.280095,10.759645,7.986569,9.321475,8.104697,9.525118,8.878279,9.933749,10.651564,8.00672,10.635238,3.62215,12.642494,9.035146,10.360054,10.108211,8.397122,6.987772,9.528036,5.793884,8.568009,6.761382,7.080311,8.71879,7.764776,10.461022,7.351567,9.142188,7.741116,9.644199,8.598208,9.313991,9.002857,8.913664,9.115307,6.375042,8.217738,12
GSM1371791,8.716847,8.033908,5.45235,9.881979,7.592459,11.246042,8.089117,9.054016,7.466251,10.251038,8.671809,10.073912,10.396936,8.019909,10.696846,3.994004,11.378065,8.9721,10.289035,10.906136,7.988363,6.943437,9.240008,5.721338,8.45877,6.277307,7.088793,8.899083,8.015645,10.521029,7.2161,9.025495,7.532315,10.307871,7.905028,10.183244,8.536156,8.759919,8.203057,6.750543,8.702673,16
GSM1371792,10.045368,7.833163,5.172597,10.171776,7.160615,10.048747,7.623415,9.230212,8.001572,10.326569,9.206875,10.40139,10.321782,8.182793,10.401911,3.983068,11.913329,9.199151,10.446638,9.738073,8.264654,7.564667,10.171092,5.683367,8.691932,6.695778,6.395616,8.59528,8.039043,11.047605,7.396921,8.987656,7.580486,9.637938,7.170474,10.929612,8.715207,8.740328,8.986487,6.693495,8.242404,20
GSM1371793,8.575035,8.359411,5.575651,9.527736,7.410237,10.923095,7.486231,9.046482,7.829195,10.026744,8.505911,9.489543,10.275759,8.368628,10.935828,4.197102,12.706555,8.56627,10.45755,10.499153,8.210871,7.255954,8.955658,5.295611,8.418576,6.632411,6.874188,8.879006,7.405967,10.491986,7.005946,9.006401,7.472895,10.011584,8.73596,10.308574,8.666535,9.16121,8.928048,7.180613,8.262278,16
GSM1371794,8.262255,7.883936,5.204297,9.659038,7.666139,11.347602,7.77868,9.15954,7.639615,9.893245,8.537167,9.710832,10.375265,8.382272,11.013576,3.568505,11.330058,8.885406,10.695383,10.530845,7.818681,6.649011,9.137576,5.525202,8.472448,6.261578,7.243067,9.044718,7.592776,10.531097,7.120598,8.909773,7.291901,10.326186,8.205861,10.675312,8.421496,8.896,8.453252,7.189899,8.694304,12
GSM1371795,8.449252,7.141097,5.295979,9.351978,7.393923,10.937552,7.62586,9.064406,8.826512,10.342943,8.576555,9.011998,10.26261,8.853242,10.598842,4.342963,12.298243,7.831212,10.988185,10.612413,8.497962,7.316961,10.105958,5.371707,8.574963,6.399918,6.816598,8.897431,7.449389,10.436468,7.400486,8.996695,7.42539,10.109048,8.463441,11.163892,8.552035,9.368138,10.071444,7.433295,8.184227,8
GSM1371796,8.26311,8.521229,5.576714,9.603059,7.682524,10.842736,8.186433,9.488745,7.132663,9.946891,8.739385,10.032836,10.323396,7.740835,10.493666,4.125753,12.008533,8.555536,9.955292,10.483987,8.237687,6.74488,9.272398,5.998072,8.226615,6.992114,7.410348,8.993768,7.812439,10.764656,7.131098,9.068403,7.720288,9.611968,8.575945,11.162047,8.552164,9.529217,8.229503,7.371835,8.123961,16
GSM1371797,8.903281,7.807266,5.483022,9.407063,6.811247,10.702904,7.47044,8.871655,7.823802,9.91317,8.792718,9.955246,10.249125,8.388236,10.559874,3.791213,11.638203,8.973285,10.468308,10.148797,7.975629,7.614792,9.280854,5.484176,8.765519,6.645871,6.759771,8.558477,7.462104,10.796762,7.281212,9.179638,7.578989,9.823228,7.139546,10.361023,8.59379,8.894648,8.663569,6.57618,7.986687,4
GSM1371798,8.380886,8.125233,5.163387,9.418344,6.595148,10.761408,7.645387,9.120509,7.241478,9.984213,8.419252,9.70202,10.396105,8.292737,10.358481,4.648389,12.290919,8.677284,10.5593,10.207262,8.237586,7.318008,9.389701,5.783579,8.335138,6.229353,6.683645,8.593151,7.203582,10.648728,6.8376,9.15618,7.447182,9.863431,8.098598,10.222689,8.694739,9.00073,8.669275,6.712067,7.9603,20
GSM1371799,8.393879,6.979527,5.573974,9.521204,7.05619,11.21724,7.735771,9.089072,7.262681,10.83478,8.639348,9.751256,10.454966,8.444678,10.542391,4.55134,11.183038,8.272654,10.543649,10.96404,8.167042,7.322175,9.342194,5.87478,8.438945,6.841161,7.005053,8.821006,7.539591,10.62393,7.025719,8.936266,7.185537,10.352063,7.000888,11.217956,8.713146,9.149448,9.725654,6.691545,8.478269,0
GSM1371800,8.578383,7.564123,5.391017,9.473801,7.107184,11.03067,7.757668,9.083155,8.31097,10.862772,8.504484,9.599548,10.1247,8.72568,10.669202,3.712486,11.747573,8.32869,10.690107,10.850542,8.106684,7.638851,10.135026,5.624067,8.76727,6.518174,6.642283,8.998198,7.658217,10.818306,7.240227,9.074892,7.673334,10.269408,7.354014,11.610388,8.515238,9.094618,10.078824,6.94564,8.405415,4
GSM1371801,8.428915,7.794551,5.652943,9.237734,7.230374,11.387288,7.954509,9.886873,7.50909,10.8297,8.601057,9.095322,10.249804,8.239397,10.737656,3.420903,11.781488,8.16442,10.870438,11.35522,7.861704,6.674215,8.451885,5.429878,8.677549,6.233732,6.68199,9.158658,7.213045,10.176285,7.028873,8.86078,7.079426,10.650697,7.991032,10.966113,8.701986,8.866755,8.898389,7.117654,9.252645,20
GSM1371802,8.895617,7.487458,5.389501,9.356712,6.781069,10.763558,7.370682,8.783696,8.269375,10.063299,8.409057,9.85276,10.14155,8.505284,10.457986,3.864212,11.609466,8.78251,10.659719,10.09718,7.820924,7.40755,9.305861,5.567979,8.557888,6.405478,6.688777,8.666524,7.443753,10.90121,7.29841,9.315642,7.591987,9.901782,7.447211,10.965837,8.644375,8.612044,8.704013,7.171692,8.092602,4
GSM1371803,9.456725,7.850282,5.50826,9.600131,7.228059,10.86622,7.363051,8.827122,8.320321,9.727241,8.665968,10.062514,10.078667,8.26525,10.182362,3.804951,11.916118,8.928355,10.693867,10.01379,7.71043,6.887725,9.369385,5.671078,8.165077,6.389426,7.069279,8.731687,7.495997,10.952203,7.681471,8.865162,7.433373,9.8202,7.497743,10.399969,8.592064,8.60095,8.97101,6.988975,8.010917,8
GSM1371804,8.044102,8.301717,5.545712,9.317778,7.340728,10.995292,7.258813,9.074895,8.696474,10.024467,8.446536,9.146805,10.15233,8.513801,10.826264,4.079497,12.660543,8.370105,10.698216,10.180825,8.308321,7.196509,9.169883,5.96476,8.52511,6.290406,6.615046,8.684964,7.062835,10.627524,7.301964,9.11721,7.362883,9.928364,8.932017,10.31548,8.580668,9.248116,8.599606,7.537133,8.225981,12
GSM1371805,9.121508,7.835176,5.496145,9.681341,7.680361,11.211231,7.890056,9.209575,8.158259,10.421022,8.612393,10.140365,10.306734,7.934784,10.626096,3.372153,12.147445,9.097132,10.202332,10.690794,7.875538,7.172772,9.274798,5.477708,8.599931,6.638603,7.272911,9.121917,7.780509,10.707449,7.919127,8.987313,7.634478,10.353272,7.744032,10.225494,8.546419,8.762628,9.275014,6.3901,8.653478,4
GSM1371806,8.702375,8.160954,5.608373,9.573814,7.455448,10.904918,8.13812,9.398734,8.233841,10.073472,8.816382,9.049458,10.449633,8.314278,10.823909,3.46613,11.887403,8.431617,10.31302,10.09453,8.294513,6.969897,10.992169,5.809037,8.183011,6.159272,6.681587,9.078001,7.663549,10.111218,7.184403,9.194002,7.729104,9.57072,7.791541,11.339851,8.734076,8.735356,10.499192,7.413714,8.619302,12
GSM1371807,8.463545,8.291814,5.576481,9.674084,8.029867,10.944774,7.790594,9.379835,8.283987,9.827842,8.634274,9.58857,10.404437,8.314879,10.74048,4.041451,12.598912,8.995691,10.584064,10.325924,8.254361,6.748065,9.118898,5.840471,8.577949,6.327115,6.860667,8.814348,7.536722,10.069558,7.241609,9.130339,7.6285,10.003562,8.307038,9.783612,8.957822,8.710366,9.227377,6.300568,8.268477,12
GSM1371808,8.341723,7.473083,5.5512,9.653452,7.522631,10.864546,7.599145,8.94646,8.322535,10.518113,8.56681,9.170514,10.194993,8.924199,10.596141,4.098766,12.107654,8.181706,11.095725,10.682283,8.468376,7.469625,10.574354,5.783496,8.788677,6.665591,6.519308,9.003834,7.613504,10.541731,7.571859,8.976363,7.714184,10.866462,8.212041,11.257816,8.421327,9.028811,9.918196,7.542896,8.386343,8
GSM1371809,8.606347,8.261574,5.617212,9.251259,7.066353,10.746093,7.251857,9.066637,8.616827,9.777341,8.620568,9.649759,10.162909,8.466891,10.493882,3.808472,12.22959,8.47747,10.798556,10.063106,8.056038,7.394827,9.793053,5.517966,8.75229,6.325363,6.917478,8.786772,7.484288,10.767519,7.804522,8.996767,7.488035,9.958951,8.448597,10.587109,8.327793,8.937508,8.828412,7.331909,7.983824,8
GSM1371810,9.015701,7.927033,5.363445,9.584648,6.843447,10.887495,7.517978,9.022176,7.193193,10.303036,8.598231,9.876433,10.233734,8.262562,10.629342,3.535676,11.345928,9.09991,10.625876,10.043006,7.786075,7.276757,9.313034,5.69691,8.415456,6.549787,6.705113,8.656116,7.454323,10.829962,7.024741,9.297814,7.606983,9.872652,7.587431,10.873834,8.491712,8.851806,8.797202,6.987681,8.045393,0
GSM1371811,8.445037,8.078699,5.520178,9.292771,7.32109,11.42197,7.67497,9.720019,7.630967,10.745779,8.466578,9.049673,10.36186,8.266587,11.129223,4.043921,11.655224,8.332743,10.794707,11.290473,7.939643,7.292175,8.988968,5.599163,8.826438,6.136062,6.39508,9.03004,7.285133,10.091474,6.957214,8.867627,7.644708,10.703593,7.709995,11.17943,8.595379,8.857083,9.102372,7.479797,9.319295,16
GSM1371812,8.19651,8.104226,5.699369,9.399686,7.308487,11.086084,7.32674,9.302084,8.232838,10.126867,8.296955,9.009418,10.200316,8.750097,10.769149,4.090624,12.121415,8.315419,10.926672,10.536952,8.183091,7.415191,9.197917,5.589867,8.792983,6.792825,6.544045,8.500073,7.47059,10.482427,7.625963,9.037519,7.182801,10.05357,8.492737,11.004409,8.465849,9.013123,8.175791,5.813836,8.760089,8
GSM1371813,8.61367,8.249492,4.885284,9.856512,7.452764,11.061313,7.951588,9.04014,7.611109,9.984949,8.840001,10.195588,10.468316,7.996313,10.565749,3.943676,11.536477,8.958918,10.162277,10.65568,8.180066,7.131868,9.783848,5.519781,8.477833,6.351994,7.217501,9.006817,7.97177,10.699244,7.077262,8.967301,7.498065,10.204937,8.136006,10.470159,8.458787,8.877205,7.910288,6.456038,8.334271,16
GSM1371814,8.71255,8.475048,5.712092,9.886721,7.981875,10.944593,8.01914,9.403498,7.645861,10.071302,8.593188,9.744922,10.589367,7.873592,10.602861,3.58029,12.617408,9.157945,10.359607,10.610747,8.310573,7.083744,9.104202,5.717569,8.659636,6.813553,7.065458,8.905176,7.855027,10.433814,7.153219,9.115948,7.462564,9.945387,8.722169,10.064019,8.92925,9.08811,9.050203,6.513841,8.390303,20
GSM1371815,8.799696,8.04379,5.395673,9.741415,7.45372,11.129776,8.821178,9.598105,7.958641,10.376726,8.730733,9.219932,10.518582,8.211857,10.885306,3.551174,12.26369,8.588203,10.301631,10.509906,8.069736,6.966074,10.606166,6.187019,8.335678,6.608802,6.653156,9.024817,7.59312,10.150826,6.979618,9.136047,7.52154,9.626708,7.927392,11.128587,8.899346,8.925409,10.342692,7.151944,8.498968,16
GSM1371816,8.53266,8.123974,5.486184,9.25619,7.38129,11.225372,7.749121,9.680817,8.119449,10.734022,8.603099,8.536848,10.187958,8.418465,10.944536,4.375946,11.916001,7.994351,10.978029,11.161779,8.238874,7.567623,8.427424,5.898447,9.049888,6.642724,6.064954,8.885063,7.089682,9.966466,7.202559,9.085834,7.382553,10.845897,7.887921,10.745612,8.707416,9.001107,9.054457,7.81163,9.28702,12
GSM1371817,8.430957,7.978492,5.536214,9.873156,7.509345,11.167427,7.605838,9.12916,7.424237,9.790572,8.843863,9.823898,10.454444,8.189632,10.863837,3.659475,11.605249,8.909634,10.563509,10.502537,8.024033,6.909953,9.532012,5.694753,8.349031,6.532414,7.308093,8.966578,7.728681,10.535786,6.994117,8.940273,7.47499,10.231996,8.197925,10.197397,8.525086,8.806726,8.24723,6.738826,8.420025,12
GSM1371818,8.86868,8.060823,5.404447,9.70109,7.258347,11.118913,7.927544,9.020269,7.085047,9.96855,8.624135,10.411803,10.316113,7.864248,10.667887,3.638434,11.195523,9.279178,9.937219,10.590808,7.932093,6.785946,8.976015,5.871437,8.185253,6.570178,7.54987,9.031247,7.987833,10.790202,7.271138,8.960148,7.477029,10.104757,7.878869,10.521477,8.462151,8.7121,8.033097,6.751826,8.36736,4
GSM1371819,8.896308,8.101603,5.71228,9.796174,7.371087,11.027297,8.625818,9.53542,7.885592,10.221093,8.745601,9.271908,10.612014,8.11659,10.535832,3.389092,11.435295,8.589726,10.411309,10.132997,7.706985,6.748435,10.60534,5.999676,8.057078,6.641475,6.766644,8.837316,7.576755,10.24838,6.991066,9.226191,7.144982,9.497208,7.35164,11.30247,8.790074,8.829831,10.487635,7.107341,8.585391,20
GSM1371820,8.597506,7.98582,5.394175,9.697091,7.751442,11.198855,7.590221,9.090798,7.744371,9.953921,8.461651,9.711817,10.459487,8.312567,10.98106,3.6918,11.900942,8.968859,10.681562,10.660873,8.103403,6.693137,9.120963,5.511155,8.302441,6.59058,7.062885,8.991303,7.848685,10.388988,7.234028,9.076692,7.415119,10.331405,8.382452,10.269922,8.561657,8.94609,8.476187,7.258971,8.473222,12
GSM1371821,9.516297,8.128507,5.361952,9.929036,7.546467,10.697933,7.627441,9.014413,8.955584,10.022612,8.768322,10.256039,10.136554,8.49935,10.477767,3.330281,12.236907,8.760538,10.688223,10.085069,7.885002,7.256621,9.451102,5.89301,8.563792,6.701089,6.701357,8.89192,7.806619,10.968305,8.084761,9.036646,7.416705,10.267772,8.225623,10.439584,8.650487,8.572899,8.886535,6.925344,8.065479,8
GSM1371822,7.809234,8.038725,5.783572,9.553382,7.63251,11.059172,7.917021,9.173202,7.463505,9.901095,8.549759,9.297201,10.574797,8.009963,10.733337,4.952732,12.216493,8.077834,10.381807,10.639756,8.066067,6.797575,8.258606,5.580588,8.119914,6.568565,6.94195,8.786465,7.40819,10.397209,7.020741,9.027815,7.602019,9.599502,8.611955,11.208266,8.889797,9.513802,8.31019,7.412581,8.203482,12
GSM1371823,9.863773,8.084182,5.337926,9.708973,7.18633,10.69262,7.584723,9.188395,7.575899,9.769157,8.795114,10.217845,9.939562,8.199979,10.392019,3.756121,11.821559,9.284693,10.142124,10.076591,7.813268,7.530063,9.192093,5.731922,8.354996,6.77019,7.136021,8.584642,7.631865,10.968996,7.505349,9.005346,7.464378,9.668959,7.186009,10.348478,8.80787,8.608202,8.685853,6.871028,7.844791,4
GSM1371824,8.711793,7.910493,5.506852,9.58949,7.011956,10.663942,7.806927,9.22275,7.238497,10.227034,8.604869,9.850419,10.456164,8.390233,10.582952,3.597408,12.014553,8.992836,10.415412,10.133241,8.1336,7.723677,8.882094,5.711391,8.682707,6.606453,6.023495,8.530736,7.114413,10.542226,7.366058,9.278037,7.557361,10.116727,7.922036,10.304027,8.839585,9.084277,8.69748,7.09418,8.284574,0
GSM1371825,8.663134,8.126902,5.553229,8.974943,7.599751,10.960699,7.569309,9.602953,8.627651,10.589457,8.377847,8.849685,9.821963,8.579756,10.680178,4.347188,12.253288,7.695358,11.282089,11.082718,8.256035,7.213955,8.666218,6.005601,8.781242,6.621608,6.666904,8.974904,7.287952,10.329917,7.72402,9.017083,7.273912,10.541444,8.615151,10.806552,8.389346,9.054551,9.138841,7.444349,9.176786,8
GSM1371826,8.917448,7.765107,5.459411,9.400638,7.15471,10.84326,7.591963,9.113361,7.617804,10.093634,8.649151,10.082907,10.098807,8.339328,10.55702,3.521131,11.825685,9.086092,10.217911,10.322721,7.981546,7.644307,9.279579,5.667276,8.532715,6.533573,6.703535,8.696411,7.579904,10.848997,7.435418,9.041436,7.323981,9.96505,7.715155,10.827499,8.373326,8.6677,8.660607,6.888633,7.668946,4
GSM1371827,8.373233,7.124786,5.381586,9.480499,7.121518,11.01174,7.608281,9.309221,8.011257,9.686571,8.356968,9.043586,9.771803,8.464152,10.661292,4.15728,11.774352,8.26243,10.844134,10.293978,7.828847,7.412968,9.758383,5.959715,8.800713,6.62541,6.800345,9.033105,7.259978,10.2726,8.030524,9.107094,7.180833,10.139385,8.711879,10.818657,8.252233,9.047029,8.622451,6.872507,8.240936,20
GSM1371828,8.824001,7.793654,5.560703,9.120165,6.930815,11.183812,7.917662,9.64756,7.714655,10.801371,8.481609,9.147553,9.834981,8.510474,10.675036,3.886618,11.476692,8.249782,10.963019,11.193707,8.009739,7.324851,8.514321,5.21766,8.860497,6.687335,6.345151,8.930658,7.140815,10.505934,7.30489,9.042394,7.37938,10.557707,7.458734,11.015015,8.459957,8.974129,9.151418,6.944012,9.280921,4
GSM1371829,8.768275,7.670415,5.805299,9.706865,7.353465,11.122966,7.971562,9.004299,7.636855,10.99547,8.580195,9.454802,10.629672,8.549215,10.515998,3.897101,11.601489,8.432099,10.516195,11.050345,8.166201,7.146758,9.629178,5.318488,8.609087,6.553731,6.614052,8.939477,7.724043,10.442028,7.161,9.019001,7.479871,10.312914,7.482774,11.52887,8.863952,9.179749,9.708449,7.07933,8.549224,20
GSM1371830,8.887995,8.133596,5.500838,9.77637,7.083996,11.18403,8.699794,9.376467,7.493586,10.445772,8.777088,9.400737,10.415848,7.843988,10.637898,3.372225,11.495349,8.571956,10.367695,10.403523,8.036667,7.14168,10.764184,5.896415,8.179541,6.777609,7.06431,9.000492,7.74674,10.447173,6.976396,9.089445,7.465443,9.662475,7.217463,11.295877,8.740788,8.555519,10.241264,6.806994,8.779606,20
GSM1371831,9.165191,7.9888,5.412688,9.675984,7.63999,10.614574,8.577887,9.654112,9.310373,9.694312,8.795393,9.759233,10.57312,8.126664,10.527068,3.636456,11.891839,8.378665,10.294065,9.568558,8.163284,7.039858,10.523478,5.885301,8.12556,7.009707,7.368448,8.778028,7.797834,10.573634,8.043117,9.105756,7.415226,9.705548,7.674892,11.004516,8.610457,8.673548,9.707379,7.152639,8.160198,8
GSM1371832,8.811428,8.325772,5.463538,9.248266,7.34152,10.899224,8.433738,9.315212,8.831077,10.002079,8.723837,9.408539,10.41876,8.078807,10.571337,4.135725,12.132618,8.318636,10.522932,10.163829,8.255111,6.933938,11.133588,5.781634,8.184275,6.730411,7.051873,9.240468,7.448047,10.298582,7.55676,9.137708,7.235611,9.394226,8.430198,11.183295,8.670557,8.810953,10.388788,7.396503,8.485508,8
GSM1371833,8.682222,8.31646,5.586725,9.429761,7.397742,10.901732,7.701899,9.666222,7.639124,9.950769,8.788149,9.519857,10.442889,8.242287,10.640645,4.486575,11.994961,8.930291,10.306975,10.483685,8.346282,7.028075,9.275781,5.975642,8.627109,6.791113,6.765036,8.64061,7.530533,10.505062,7.216238,9.09544,7.560661,9.899524,8.016811,10.64376,8.711002,9.021774,8.124748,5.692998,8.361974,20
GSM1371834,8.749938,7.777218,5.718494,9.150938,7.041647,11.675984,7.432515,9.343097,7.10906,10.4395,8.327938,10.068784,10.337417,7.886084,10.670506,4.508109,11.313803,8.486924,10.689682,10.741547,7.554729,6.734441,8.101509,5.642432,8.30624,6.555814,7.187284,8.803974,7.549304,10.66337,6.749994,8.929394,7.573353,10.437497,8.052433,10.843267,8.811654,9.169197,8.201984,6.6184,8.411618,20
GSM1371835,8.352298,8.133652,5.506946,9.214511,7.504378,11.373078,7.07145,9.468073,7.318327,9.61573,8.233299,9.244739,10.153882,8.083699,10.627348,5.247169,11.818716,8.37145,10.792335,10.561004,7.885553,6.609209,8.864674,5.322156,8.060937,6.56641,7.241694,8.639432,7.396754,10.549957,6.667821,8.942531,7.380669,9.813069,8.644798,10.20292,8.892852,9.223162,7.993188,5.532635,8.06644,20
